TEMPERATURE,RELATIVE-HUMIDITY
35.2,12
35.8,15.1
35.2,15.3
35,13
34.7,14
35.1,12
35.3,14
35.3,15.3
34,12
35.1,12
36,13
35.3,12
35.9,12
35.1,12
35.9,11
35.6,12
35.9,11
35.7,12
36.1,11
35.9,9
35,10
35.5,9
34.9,10
35,12
35.2,11
34.9,12
34.9,10
35.3,14
34.1,10
34.4,12
33.7,12
33.9,13
33.2,16.8
32.7,25.4
32.4,25.8
31.9,28.8
31.6,30.4
30.7,32.3
30.9,32.3
30.8,33.3
30.1,34.7
30.2,35
29.8,36
29.7,36.5
29.8,36.8
29.1,37.8
29,38.5
28.6,39.5
28.4,40.1
28.1,41.1
27.9,41.9
27.6,43.2
27.4,43.4
27,45.3
26.8,45.3
26.5,46.8
26.4,47.5
26.2,48.2
26,48.6
25.8,49.2
25.7,49.3
25.6,49.3
25.4,49.3
25.1,50.6
25.1,50.3
25,49.9
24.8,50.3
24.7,50.8
24.6,50.8
24.4,50.9
24.3,51.7
24.2,51.7
24.1,52.3
23.9,52.4
24,52.6
23.9,53.2
23.8,53.1
23.8,53.4
23.6,54.1
23.5,54.1
23.4,54.1
23.3,54.4
23.2,54.6
23.3,54.3
23.2,54.4
23,54.9
23,54.6
22.8,54.9
22.8,54.6
22.8,54.1
22.5,54.8
22.6,54.3
22.4,53.8
22.5,53.3
22.5,52.7
22.3,52.6
22.2,52.5
22.2,52.2
22.1,51.9
22.2,51.6
21.9,52
21.9,51.4
21.9,51.6
21.9,51.1
21.8,51.5
21.8,51.6
21.6,51.8
21.6,51.9
21.5,52.3
21.5,52.2
21.3,52.6
21.3,52.9
21.3,52.4
21.3,52.4
21.4,52.6
21.3,53.1
21.1,53.3
21.1,53.2
21.2,53.3
21.1,53.4
21.1,53.6
20.9,54.1
20.9,54.3
20.8,54.5
20.7,54.8
20.5,55.4
20.4,55.4
20.5,55.4
20.3,55.9
20.3,55.9
20.3,56.4
19.8,56.9
19.9,57
19.4,58.4
19.3,59.2
19.2,59.2
19.4,59
19.3,59.6
19,60.1
17.9,62
18.5,61.1
18.1,63.5
17.9,63.9
18,63.2
17.3,64.3
17.8,63.2
17.7,64.3
17.8,63.9
17.6,63.6
17.5,63.9
16.7,67.2
16.8,65.6
16.9,65.9
16.9,64.6
16.8,65.4
16.3,67.4
16.5,65.6
15.1,71.3
16.1,68.1
16.2,67.5
15.9,68.4
15.8,70.1
15.9,68.6
15.6,70.7
15.4,70.1
15.3,71.6
14.9,72.8
15.1,70.7
14.9,72
15.2,70.6
15.2,70.7
15.1,71.3
15.1,70.9
13.8,75.9
14.5,76
14.6,78.8
14.7,81
14.9,82.6
14.9,81.8
14.9,82.4
14.8,83.4
14.9,83.4
14.9,82
14.9,83.8
15,82.4
15,82.2
14.9,81.8
14.6,83.5
14.6,83.6
14.8,82.6
14.8,81.6
14.8,81.6
14.7,82
14.1,84
14.5,81.7
14.5,79.8
14.6,79.5
14.5,80.2
14.4,79.6
14.1,79.6
14.1,78.6
14.1,78.8
13.9,80.8
13.9,81.4
14.1,80
14.1,79.1
14.1,80.3
14.3,79.6
14.6,79.7
15.2,84.9
15.8,87.3
16.4,87.6
17.1,85.1
17.4,81.9
18.1,78.9
18.7,77.1
19.5,73.1
19.9,73.6
20.3,70.7
21.1,66.3
21.4,66.8
21.9,63.8
22,64.1
22.8,60.7
23.6,57.3
24.1,55.6
24.4,53.8
24.9,52.8
25.1,51.9
25.6,49.8
25.9,49.2
26,47.8
26.5,46.6
26.8,45.8
27,44.6
26.9,44.7
27.3,43.1
28.2,41.9
28.1,42.3
28.3,40.8
28.4,41.1
28.9,39.4
29.7,38.8
29.4,38.7
29.9,37.8
30.4,36.7
30.9,35.9
31.3,34.1
30.8,34.1
31.8,32.6
32.1,30.6
32.4,30.6
31.5,31.6
32.7,27.4
32.3,28.9
33.1,28.7
32.7,27
33.3,26.6
33.1,26.4
33,26.1
34.1,25.9
32.7,26.1
34.1,24.8
34.5,23.9
35.1,23.4
34.9,22.9
34.9,22.6
34.4,23.6
35.9,22.3
36.1,22.1
35.9,21
36.3,21.9
34.8,21.4
35.8,19.9
34.9,20.2
35.2,20.3
35.8,18.8
35.9,19.4
37,18.4
37.2,18.3
35.9,18.2
37.2,17.9
36.6,17.8
35.8,17.9
35.9,18.3
36.8,17.9
35.5,19.6
36.6,18.3
34.2,20.3
34.6,18.4
36.4,18.4
33.4,20.6
35.6,18.4
35.4,18.5
35.7,18.4
35.1,18.4
36.1,18.4
34.9,18.7
34.9,18.2
35.8,18.4
35.9,18.3
34.4,21.4
34.5,22.2
35.3,22.1
35.1,22
35.1,22.1
33.9,22.1
34.6,21.3
34.3,21.4
33.9,18.5
34.1,20.3
33.6,20.5
33.5,21.6
32.6,21.8
33.3,21.6
33.3,20.7
32.6,19.4
32.7,19.3
32.4,20.9
32.4,20.9
31.5,19.3
31.8,19.2
31.3,19.6
30.8,22
30.8,20.6
30.6,21.6
30.3,22.3
29.9,23.1
29.6,23.3
29.2,24.4
29.2,24.4
28.9,25.8
28.5,26.1
28.3,26.9
28.1,27.2
27.8,27.6
27.6,28.6
27.2,29.8
26.9,31.2
26.9,32.1
26.6,32.8
26.3,34.3
26.1,35.3
25.7,36.8
25.7,37.3
25.3,38.3
25.2,39.7
25.2,40.3
24.8,41.6
24.6,42.9
24.3,44
24.3,45.6
23.9,46.9
24,47.8
23.8,48.2
23.6,50.8
23.3,51.7
23.3,52.4
23.1,53.3
23.1,53.6
23.1,54.3
22.9,55.3
22.8,55.4
22.8,56.8
22.5,57.4
22.3,57.4
22.3,58.2
22.4,58.5
22.2,59
22.1,59.7
21.9,60.7
22,60.4
22.1,61.3
21.9,61.6
21.8,61.9
21.8,62.5
21.8,62.9
21.7,63.7
21.5,64.2
21.6,64.6
21.4,64.9
21.6,65.4
21.4,65.9
21.3,66.3
21.4,66.3
21.4,66.3
21.1,67.2
21.1,67.7
20.8,68.3
20.8,68.8
20.8,69.1
20.8,69.3
20.6,69.2
20.6,69.8
20.5,70.1
20.6,70.3
20.5,71.2
20.4,70.7
20.3,71.2
20.3,71.3
20.1,71.8
20.1,71.9
20,71.4
19.9,72.1
20.1,72.6
19.8,72.3
19.9,71.6
19.8,72.9
19.6,73.1
19.6,73.7
19.5,73.8
19.5,72.1
19,74.1
18.9,75.3
18.8,76.9
18.6,76.6
18.4,76.5
18.6,76.8
18.2,78.6
17.9,80.9
18,79.5
18.3,75.8
18.4,73.4
17.6,74.2
17.9,74.1
17.4,73.3
17.8,72.1
17.8,71.7
17.7,71.9
17.6,71.8
17.5,71.6
16.4,79.5
16.1,82.4
16.6,77.4
16.3,78.2
16.5,74.9
16.6,73.6
16.5,73.6
16,75.2
15.9,75.6
15.8,75.1
15.9,75.2
15.9,74.6
15.9,74.9
15.8,74.5
15.8,74.9
15.6,75.4
15.1,77.4
15.4,76.3
15.4,76.2
15.3,76.8
15.3,76.3
15.3,76.2
15.3,76.8
15.1,80.3
15,81.4
14.8,84.7
14.8,85.4
14.9,81.8
14.9,80.9
14.8,81.8
14.8,79.9
14.8,78.9
14.7,78.9
14.6,79.1
14.5,79.7
14.4,79.8
14.1,81.9
14.3,80.4
14.1,81.5
14.2,81.1
14.1,81.9
14.1,80.7
13.9,80.6
13.7,82.7
13.9,80.9
13.6,81.3
13.8,82.2
13.7,81.8
13.5,83.5
13.4,84.6
13.4,83.5
13.6,81.9
13.4,81.8
13.5,80.9
13.1,83.9
13.1,84.4
13.3,82.5
13.1,81.8
13.1,83
12.9,83
12.9,84
13.1,83.1
13.3,82.1
13.4,81.8
13.4,84.1
13.4,85.6
13.7,86.7
13.9,86
14.5,86.9
14.8,87.4
15,85.6
15.4,86.4
16.1,87.4
17.4,91.9
18.2,91.8
19,86.8
20,81.2
20.7,75.1
21.6,71.9
21.8,68.2
22.4,65.9
23.3,60.1
24.1,57.3
24.3,56.8
24.4,55
24.9,52.6
25.1,52.9
25.8,51.4
25.8,49.5
25.5,49.3
26.6,45.9
27.1,43.2
26.7,44.6
27.1,42.5
27.8,40.5
27.2,42.1
28.1,39.9
29.1,39.6
29.7,35.4
27.6,37.3
29.1,36.4
29.3,33.8
29.1,33.9
30.4,31.9
29.4,32.5
29.3,32.6
29.6,32.3
28.9,31.4
29.3,31.1
31.1,29.1
31.7,27.2
31.5,26.3
30.8,25.5
32.1,26
31.1,25.3
30.6,27.3
32.6,25.1
32.8,23.8
31.5,26.4
33.1,24.4
32.3,23.8
33.2,22.9
31.5,25.1
33.4,22.8
34.1,22.8
34.1,22.1
34.6,22.4
35,22.2
32.7,22.1
34.9,22.1
35,21.8
32.9,22.4
33.9,22.4
33.8,21.7
34.1,21.4
33.8,21.8
32.4,22.8
34.1,22.5
33.5,22
34.4,22.1
34.6,22.4
31.8,23.3
32.5,23.2
33.9,23.1
33.5,22.7
33.3,22.9
33.3,22.7
34.5,22.4
33.1,22.6
34.3,22.5
34.5,22.4
34.4,22.3
33.6,22.6
33.1,22.7
33.7,22.6
33.2,22.6
34.4,22.5
33.1,22.6
33.2,22.9
32.7,23
33.6,23
32.8,23
33.6,22.6
33.6,22.8
33,23.4
33.1,23.3
32.1,23.9
32.4,23.9
32.1,24.8
31.7,25.3
32.4,25.9
30.8,26.6
31.8,25.9
31.4,26.2
31.3,25.8
30.6,26.8
30.5,27.8
30.1,29
29.6,30.5
29.7,32
29.7,32.1
29.6,32.4
28.8,33.9
28.7,34.1
28.4,34.7
28.3,34.9
27.7,36.3
27.6,36.6
27.7,36.3
27.3,37.1
27.3,37.3
27.3,37.7
26.5,39.4
26.4,40.6
26.3,41.6
26.1,41.7
25.8,42.3
25.7,42.5
25.5,42.5
25.3,43.1
25.1,43.8
25,44.1
24.8,46.6
24.4,47.8
24.6,47.6
24.3,47.9
24.1,48.4
24,49.1
23.8,50.8
23.8,52.3
23.6,53.4
23.4,53.7
23.3,54.3
23.2,54.4
23.1,55.3
23,56.1
22.9,56.7
22.8,57.3
22.7,58.1
22.5,58.3
22.4,58.8
22.4,59.4
22.4,59.6
22.2,60.1
22.1,60.9
22,61.1
21.9,61.7
22,61.3
21.9,62.1
21.7,62.8
21.4,63.1
21.6,62.8
21.5,63.8
21.4,63.9
21.3,63.9
21.1,65
21.3,64.9
20.9,65.8
20.9,65.6
20.9,65.7
20.9,66.2
20.6,67.1
20.3,67.2
20.4,67.4
20.3,68.1
20.1,68.4
19.7,69.1
19.9,67.9
19.7,68.9
19.6,69.3
19.3,71.2
19.8,68.9
19.5,70.3
19.7,68.8
19.7,68.5
19.1,72.3
18.6,72.3
18.4,71.9
18.4,72.1
18.3,73.1
18.5,71.8
18.6,68.1
18.6,68.8
18.3,70.5
18.2,70.3
18.1,69.1
18.1,68.8
17.4,73.2
17.3,74.1
17.4,73.1
17.4,70.7
17.4,70
17.2,71.4
16.6,73.4
16.9,71.4
16.6,73
16.5,72
16.7,70.9
16.6,70.1
16.6,70.1
16.4,70.9
16.2,71.4
16.2,70.9
16.1,71
16.1,70.8
14.9,75.8
15.1,78.4
15.4,74.3
15.4,73.3
15.3,72.9
15.4,72.5
15.2,73.8
14.5,78.9
14.4,81.1
14.4,80.9
14.8,78.4
14.8,75.7
14.8,74.8
14.7,74.4
14.6,74.1
14.6,75.1
13.8,81.6
13.7,83.1
14,80.3
14.1,77.3
13.7,77.8
13.8,77
13.7,77.3
13.6,77.4
13.5,81.4
13.4,82.9
13.5,81.7
13.5,80.5
13.2,84.7
13.1,85.7
13.1,87
13.3,86.4
13.3,86.6
13.4,85
13.4,82.1
13.4,82.2
13.3,85.6
13.1,88.2
13.3,86.4
13.3,84.6
13.3,84.1
13.2,83.3
12.9,86.6
12.9,87.4
13.1,84.9
13.1,83.3
12.9,83.9
12.8,85.5
12.8,84.9
12.8,84.2
12.6,86.2
12.6,86.9
12.8,85.8
12.8,83.9
12.7,84.4
12.6,85.2
12.4,86.9
12.6,86.8
12.6,86.4
12.3,87
12.1,87.5
12.5,86.2
12.5,85.9
12.5,86.2
12.6,85.3
12.7,85.8
12.8,85.2
12.9,85
13.1,85.4
13.3,87.4
13.4,89.3
13.9,89.9
14.3,92.1
14.7,92.9
15.1,93.1
15.4,92.4
15.9,91.4
16.3,91
16.9,90.2
17.1,90.1
17.7,88.4
18.3,86.4
18.5,85.3
19.6,81.4
19.7,78.6
20.4,77.1
20.8,75.4
21.4,73.4
22,71.6
22.6,70.1
22.8,66.3
24.5,62.3
24.6,60.9
25.2,58.7
24.8,59.7
25.6,56.2
25.7,54.3
26.3,53.1
27.1,49.9
27.4,49.7
27.7,46.8
28.2,46.7
27.6,44.8
29.4,43.3
27.7,44.2
29.7,42.2
29.2,41.9
29.2,40.1
29.8,39
30.3,37.5
30.3,35.6
31.2,34.6
31,34.7
31.8,33.4
32.6,30.9
31.6,31.3
30.2,32.3
32.9,30.8
33.3,28.1
32.4,27.6
32.1,28.4
33.2,28.1
33.8,27.5
32.4,26.4
33.4,26
34.3,25.1
33.6,25.7
33.9,24.6
33.3,23.8
34.9,24.2
34.3,24.2
33.9,23.6
35.3,22.6
34.4,22.3
34.8,22.2
35.6,22
36.4,20.9
36.3,21.3
32.9,22.8
34.1,22.6
33.8,21.8
35.6,21.4
34.1,22.1
34.9,22
36.1,21.9
35.7,21.1
33.8,21.8
32.8,23.3
34,22.3
34.1,21.4
33.6,22.1
32.7,24.1
34.3,24.7
34.6,24.6
35,24.6
33.5,25.9
32.6,27.4
34.4,27.8
34.7,27.1
35,25.8
35,25.9
34.3,26.6
34.3,26.7
34.3,27.2
33.8,27.1
34.1,27.5
34.1,28
33.3,27.2
33.6,27.6
32.9,28
32.9,28.1
32.9,27.7
33.1,27.6
33,28.1
31.9,28.4
31.6,29.1
32.4,28.4
31.9,28.3
31.9,28.5
31.9,28.7
30.9,29.3
30.9,30.8
30.3,31.9
30.4,32
30.3,32.3
29.8,32.6
29.8,33.3
29,35.1
29.5,35.1
29,36.3
28.7,36.7
28.5,37.8
28.2,38.2
28.1,38.8
27.6,40.1
27.4,40.7
27,41.6
27.1,41.9
26.8,42.8
26.4,44.3
26.3,45
26.1,45.2
25.7,46.6
25.4,47.4
25.3,48
25,48.5
24.9,49
24.6,48.8
24.4,49.5
24.3,50.6
24.1,51.6
23.9,52.1
23.9,52.7
23.8,53.4
23.8,54.4
23.6,55.4
23.4,56.9
23.4,57
23.3,57.8
23.3,57.3
23,58.8
22.9,59.1
22.7,59.6
22.6,60.4
22.6,61.3
22.4,61.3
22.4,62.1
22.4,62.8
22.3,63.3
22.2,63.2
22.2,64.6
22.2,64.1
22.1,64.6
22,65
21.8,65.6
21.9,65.7
21.7,67.1
21.5,67.1
21.6,67.1
21.5,67.6
21.4,68.3
21.4,68.3
21.3,68.2
21.2,69.5
21.1,70.1
21.1,70.5
20.8,70.3
20.9,70.4
20.9,70.4
21,68.7
20.4,72.3
20.6,71.5
20.5,71.3
20.4,69.6
20.6,69.4
20.6,68.6
20.4,69.3
20.4,69.4
19.6,74.9
19.4,77.5
19.7,74.1
19.4,74.4
19.1,77.4
19.3,75.4
19.4,73.5
18.8,74
19.3,71.8
19.2,71.9
17.6,76.3
18.4,73.6
18.5,72.8
18.3,73.6
17.8,74.9
17.9,74.6
17.9,74.8
17.4,79.5
17.7,75.7
17.6,76.9
16.6,80.3
17.3,76.2
17.1,75.9
15.9,82.5
17.1,77.1
17,77.4
17.2,75.1
17,75.3
16.5,78.2
16.8,75.1
16.8,75.9
16.2,77.9
16.3,77.9
15.6,81.3
16.1,78.6
15.8,78.4
16,77.7
16.1,76
15.3,81.6
15.1,80.3
15.5,79.8
15.6,77.3
15.4,78.4
15.5,78
15.5,76.7
15.6,76.3
15.5,76.4
15.3,78.6
15,79.4
14.3,81.8
14.9,79.9
14.4,80.6
14.5,81.9
14.8,79.9
14.8,79.6
14.7,78.9
14.8,78.3
14.7,78.4
14.7,78.6
14.6,79
14.6,78.6
14.6,78.3
14.4,78.4
14.1,80.8
14.3,79.3
13.9,80.9
14.1,79.6
13.6,81.5
13.6,82.3
13.9,80
13.7,82.1
13.3,85.4
13.2,86.6
13.4,84.8
12.8,85.1
12.7,83.1
13.2,83.3
13.1,83.6
13.3,82.7
13.3,81.1
13.3,80.3
13.1,81.4
13,82.1
12.4,83.6
12.8,82.8
12.9,81.2
12.8,81.3
12.7,81.3
12.8,80.9
12.8,80.5
12.6,80.7
12.7,80.4
12.6,80.2
12.6,80.1
12.7,79.9
12.7,79.9
12.8,81.9
12.6,86.6
12.9,84.4
13.1,82.8
13.6,84.8
14,89.4
14,88.6
14.6,87.4
15.6,94.3
15.9,95
16.3,95.8
17,95.1
17.8,92.6
17.9,88.1
18.8,84.6
19.6,79.4
19.4,78
20.5,72.3
20.6,69.6
21.8,62.7
22.5,58.3
22.7,56.6
24,53.3
24.8,50.6
24.6,50.3
25.4,47.9
25.6,45.4
25.6,44.3
25.9,44.6
26.3,42.4
26.8,41.3
26.9,39.5
27.5,39
27.6,38.8
27.7,37.4
27.6,37.1
28.5,36.3
28,34.4
28.7,33.9
28.9,32.6
29.9,31.4
29.2,31.9
31,29.9
30,28.9
30.9,28.4
31,25.7
31.4,26.7
31.1,25.3
31.4,25.9
32.1,24.8
32.6,23.8
32.5,22.8
31.3,23.4
32,23.9
33.6,22.4
33.4,22.6
32.9,22.4
34.7,21.3
33.6,21.8
34.1,20.7
34.7,22
34.4,19.3
34.6,18.5
35.6,18.4
33.5,18.2
34.3,18.5
35.1,18
34.8,18.5
35.6,17.6
34.8,17.6
36.8,17.8
35.6,16.5
35.7,17.1
36.2,17.4
36.2,17.4
34.4,17.9
35.1,17.3
35.1,16.6
35.1,16.7
34.8,16.7
35.5,14
35.8,13
35.6,15.2
36.4,16.2
36.1,15.1
36.8,14
36.5,14
36.6,13
36.8,13
36.4,12
36.9,12
35.4,13
36.7,11
37,11
35.7,17.5
36.8,18.1
35,19.6
35.7,21.2
35.4,22.2
34.1,22.7
34.1,22.8
34.5,23.4
34.2,23.4
34.4,23.6
34.3,23.6
34.3,24.6
33.9,24.8
33.4,24.8
33.1,25.6
31.6,27.6
33,26.3
32.1,27.5
31.1,28.6
31.4,28.5
31.7,28.6
31.5,29.2
31.3,30.3
30.6,31.3
30.4,32.4
30.3,33.1
30.3,32.6
29.6,32.4
29.6,34.4
29.3,34.9
29.1,34.3
28.8,35.3
28.6,35.2
28.1,37
28.1,37.1
28,35.2
27.6,36.3
27.2,37.3
27,37.9
26.7,38.4
26.8,38.9
26.5,39
25.8,40.1
25.8,39.8
25.7,39.7
25.6,39.8
25.4,39.9
25.3,40.4
25,41.7
24.8,42.8
24.6,43.4
24.1,44.8
24.3,45.1
24.2,45.8
24,46.2
24,46.6
23.9,47.8
23.6,49.4
23.6,49.6
23.4,50.7
23.3,51.7
23.2,52.8
23.1,53.2
23.2,53.6
23.1,53.9
23,54.3
22.8,55.3
22.8,55.6
22.8,56.1
22.6,56.3
22.6,56.4
22.5,56.6
22.4,57.8
22.4,56.9
22.1,58.7
22.2,57.8
22.1,58.4
22.1,58.9
22.1,58.9
22.1,58.9
21.9,58.8
22.1,59
22.2,58.6
22,58.6
22.1,58.7
22.1,58.4
22.1,58.8
22,58.4
21.9,58.8
21.9,58.8
21.9,58.7
21.8,59.2
21.9,58.9
21.9,58.8
21.8,59.5
21.7,59.2
21.6,59.8
21.5,60
21.4,59.9
21.3,60.5
21.3,61
21.3,60.8
21.2,61.4
21.2,61.2
21.1,61.3
21.1,61.5
20.8,62.2
20.9,62.3
20.8,62.4
20.8,62.5
20.7,62.9
20.6,63.1
20.6,62.8
20.5,63.8
20.4,64.1
20.3,63.4
20.3,63.9
20,65
20,64.7
20,64.8
19.8,65.4
20.1,64
19.9,64.9
19.8,64.7
19.8,64.3
19.8,65.3
19.1,68.3
19.6,65.4
19.5,65.8
19.3,67.1
18.6,68.6
19.3,65.2
18.6,69.4
18.7,70.1
18.9,67.6
18.3,69.3
18.9,66.9
18.8,65.8
18.4,67.6
18.6,66.4
18.5,66.4
18.3,66.8
18.3,66.7
17.3,72.4
17.8,69.7
17.2,72.6
17.8,70.2
17.8,70.2
17.2,70.7
17.1,71.4
16.6,72.9
16.4,77.4
16.8,75.5
17.1,73.4
16.9,73.3
16.4,77.8
16.6,75.8
16.5,76.8
16.4,80.1
16.5,79.4
16.7,78.4
16.8,78.7
16.8,77.7
16.8,78.8
16.7,79.8
16.9,79.2
16.8,78.9
16.8,78.1
16.7,77.6
16.5,80.9
16.7,79.9
16.6,80.4
16.6,79.4
16.3,79.8
16.4,80.4
16.2,82
16.4,81.2
16.4,80.1
16.3,81.2
16.3,81.8
16.2,83
16.3,82.7
16.3,82.6
16.1,83.8
16.3,84.6
16.2,84.6
16.4,85.4
16.4,84.9
16.4,85.1
16.3,84.9
16.4,85.6
16.5,85.3
16.8,84.8
16.8,84.9
17,84.5
17.2,83.9
17.6,83.4
17.8,82.3
18.1,81.1
18.4,79.8
18.8,78.3
19.3,77.6
19.8,75.3
19.8,74.6
20.6,73.2
21.3,70.9
21.6,68.6
22.1,66.3
21.9,65.3
22.7,61.8
23.4,59.6
23.7,58.6
24.3,56.1
24.4,54.5
24.5,54.3
25,52.9
25.3,52.2
25.9,51.9
25.8,51.1
26.2,50.9
26.7,49
26.8,49.4
27.1,48.9
27.3,47.9
27.5,46.6
27.5,45.9
28.3,45.9
28.2,44.3
28.6,43.8
28.9,43.4
29.3,42.2
30.1,40.4
29.3,39.9
30.7,38.2
30.7,37.3
30.9,36.3
31.5,34.4
31.8,34.7
32,32.7
32.8,33
31.6,31.9
32.8,31.6
32.8,30.8
33.8,26.4
32.3,26.4
34.3,26.9
32.7,27
34.5,26.9
34.7,24.4
33.6,24.8
34.3,24.7
34.2,22.6
34.4,22.5
32.7,23.8
35.1,22.6
35.9,22
35.6,19.9
34.9,19.6
35.1,18.4
35.9,18.4
36.4,18.2
36.5,17.6
35.4,17.8
36.7,14
36.8,15.4
37.2,13
36.4,13
36.1,15.1
35.8,11
35.3,15.3
35.9,15.1
36.9,7
36.7,6
36.6,7
37.2,7
37.3,8
35.1,12
36.6,10
37.3,7
36.8,7
37.8,7
37.9,7
37.8,6
35.8,6
35.8,17.9
35.7,17.5
35.8,18.4
37,17.7
36.4,18.2
35.6,18.6
35.1,18.6
35.4,18.6
35.6,19.6
34.8,21.4
35.3,21.3
35.8,21.3
35.4,21.8
34.9,22.1
33.4,22.8
34.7,22.8
34.3,23.6
33.6,24.7
33.3,24.8
33.9,25.6
33.3,27.1
33.1,27.7
32.1,28.7
32.5,29.1
32.6,30.4
31.8,32.2
31.2,32.5
31.6,33
30.8,34.1
30.9,34.1
30.8,34.1
30.3,35.1
30.3,34.2
29.9,34.7
29.6,35.4
29.8,35.6
29.3,36.4
29.3,36.7
28.6,34.6
28.6,35.5
28.3,35.9
28,37.5
27.8,38.7
27.6,37.3
27.3,38.1
26.9,39.3
26.8,39.8
26.5,39.7
26.5,39.6
26.2,41.5
25.8,44.3
25.6,45.7
25.6,47.4
25.5,47.6
25.1,49.9
25.1,50.9
24.9,51.6
24.9,52.1
24.7,52.8
24.6,53.3
24.5,53.8
24.5,53.4
24.2,54.8
24,55.3
24.2,55.3
24,56.4
23.9,57
23.7,57.6
23.7,58.6
23.6,58.4
23.4,59.6
23.4,59.8
23.3,60.7
23.3,60.9
23.3,61.9
23.1,61.7
23.2,61.8
23,62.9
23.1,62.9
23,63.2
22.9,63.8
22.8,64.1
22.8,64.2
22.8,64.8
22.8,65.4
22.8,65.8
22.8,65.8
22.8,67.1
22.9,67.1
22.8,67.3
22.8,67.5
22.7,67.9
22.7,67.9
22.8,68.4
22.6,68.1
22.6,68.9
22.6,69
22.7,68.6
22.6,68.6
22.5,68.8
22.5,69.1
22.5,69.3
22.5,69.1
22.5,69.6
22.4,69.7
22.3,70
22.3,70
22.2,70.2
22.2,70.6
22.3,70.5
22,70.8
22.1,70.5
22,71.4
22.1,70.5
21.9,71
21.9,70.9
21.9,71.3
21.9,71.1
21.9,71.4
21.8,72.8
21.6,72.8
21.5,72.9
21.5,73.4
21.4,73.3
21.4,72.3
21.3,72.9
21.4,72.1
21.3,72.1
21.2,72
21.3,71.7
21.1,73.3
21.1,72.7
20.4,75.9
20.6,74.3
20.8,70.6
20.1,74.6
20.6,72.6
19.9,77.1
19.6,77.6
20.1,75.8
19.9,76.5
19.6,77.6
20.1,75.3
19.3,78.4
19.8,77.4
20,75.8
19.8,76.6
19.6,77.3
19.5,78.3
19.3,80.6
19.2,81.3
19.3,80
19.5,78.1
19,80.9
19,79.9
19.2,79.6
19.1,78.8
18.7,80.8
18.8,80.7
18.2,82.6
17.9,83.4
18.4,81.1
17.5,77.8
17.4,83.8
17.4,85.3
18.1,83.8
18.3,80.8
17.8,83.3
17.8,86.5
17.9,84.1
17.8,85.4
17.7,88.1
17.6,87.9
17.8,86.7
17.6,86.1
17.3,89.2
17.6,90.3
17.4,89.6
17.6,88.4
17.7,87.8
17.6,89.9
17.6,90.9
17.5,90.1
17.5,88.6
17.6,88.3
17.7,89.6
17.6,90
17.6,90
17.6,89
17.6,88.2
17.6,89.4
17.4,89.7
17.5,90.6
17.5,89.6
17.6,88.2
17.5,89.6
17.5,89.4
17.8,88
18,88.4
18.1,88.6
18.3,88.9
18.6,87.8
18.8,86.1
19.3,85.3
19.5,83.4
19.9,81.8
20.1,79.6
20.5,78.2
20.9,75.6
21.3,73.3
21.5,72
21.9,69.7
22.3,67.8
22.9,64.2
23.1,61.6
24.1,59.9
24.1,56.1
24.4,55.2
25,53.4
25.4,51.4
25.6,50.2
26,48.8
26,49.1
26,48.2
27,45.9
27.1,44.7
27.6,44.1
27.5,42.1
28.1,41.8
28.3,40.3
28.7,39.5
28.7,38.5
28.8,37.5
28.9,36.6
30,34.1
30.1,33.6
30.4,31.8
30.7,31.8
30.4,31.6
30.4,29.4
31.8,28.9
32,28.1
31.6,27.9
32,26.4
32.1,25.4
31.9,25.2
32.3,27.3
32.9,24.8
33,24.4
32.9,24.9
33.6,23.6
33.4,23.1
33.8,22.6
34.4,22.5
34.4,22.5
35,21.9
34.8,21.4
35.3,21.1
33.4,22.4
35.1,21.3
33,18.7
36.2,18.3
35.6,18.3
35.1,18
36.6,18
34.9,17.8
34.6,17.1
34.7,17.9
36.4,14
36.7,16.8
36.1,16.3
35.4,15.3
37.3,12
36,12
36.4,12
35.5,13
36.4,13
37.6,9
35.5,7
35.5,7
35.9,8
36.4,8
37.5,10
36.4,9
36.5,7
37.3,8
37.9,6
37.7,6
37.4, -E- 
38.1,6
37.3, -E- 
37.3, -E- 
37.1, -E- 
37.2, -E- 
37, -E- 
38.4, -E- 
37.9, -E- 
37.8, -E- 
37.6, -E- 
36.4, -E- 
36.9, -E- 
36.9,12
36.6,17.9
35.1,22.3
34.2,22.9
34.6,23.3
34.6,23.4
33.4,24.1
34.1,24.2
33.4,24.8
33.2,24.8
33.3,24.6
32.1,26.1
32.4,27.1
32.7,26.9
31.9,27.8
31.5,28.6
31.4,29.3
30.9,31.2
31.4,30.9
31.1,31.4
30.8,31.7
30.6,32.3
30.3,33.5
29.9,34.8
30.2,34.5
29.8,35.6
29.6,37.3
29.2,37.6
29.1,37.9
28.6,39.1
28.4,39.7
28.3,41.1
27.9,42.7
27.8,43.3
27.6,43.8
27.2,45
26.9,47.2
26.4,48.9
26.4,49.1
26.2,49.9
25.9,50.8
26,50.6
25.9,51.1
25.7,51.2
25.6,51.9
25.5,52.4
25.4,53.2
25.5,53.1
25.4,53.9
25.2,54.4
25.1,54.8
25.1,54.9
25,55.4
24.9,55.9
24.7,56.4
24.8,56.6
24.5,57.5
24.6,57.4
24.3,58.3
24.3,58.3
24.2,59.3
24.1,59.6
24,59.9
24,60.6
23.9,60.5
24,60.3
23.8,60.9
23.7,61.4
23.6,61.6
23.7,61.9
23.4,61.9
23.6,62.1
23.6,62.3
23.5,62.3
23.5,62.2
23.5,62.7
23.3,62.6
23.3,62.9
23.2,62.9
23.2,62.3
23.3,62.2
23.1,62.6
23,62.3
23.1,61.9
22.9,61.9
22.9,62.5
22.9,61.8
22.8,62.3
22.7,62.2
22.5,63
22.5,62.6
22.4,62.7
22.4,63
22.4,62.4
22.3,62.8
22.2,63.1
22.1,63.3
22.2,62.9
22.3,62.4
22.3,62.4
22.1,62.6
22.1,62.9
22.1,63.3
21.9,63.5
22,63.7
22,63.7
21.9,64.2
21.9,64.2
21.9,64.6
21.6,65.4
21.6,66.1
21.6,66.4
21.6,66.3
21.4,66.9
21.4,67.1
20.9,68.3
21.3,67.1
21,68.6
21.1,67.3
20.6,68.3
20.9,66.4
20.8,66.9
20.7,67.8
20.5,68.7
20.1,70.3
19.6,72.2
19.6,72.4
19.3,74
19.7,72.3
19.8,71.4
19.7,71.6
19.6,71.4
19.2,72.6
19.4,70.3
19.3,69.8
18.7,70.1
18.8,69.8
17.9,72.9
18.8,69.6
18.6,69.1
18.2,70.6
17.8,75.4
18.1,74.4
17.8,75.1
17.8,74.7
17.5,77.8
17.6,78.2
17.4,79.8
17,81.2
17.6,76.9
17.6,76
17.6,74.3
16.6,77
16.4,83.5
16.4,82.3
16.6,82.9
16.4,83.2
16.3,85.6
16.4,85.2
16.4,84.3
16.4,84.4
16.4,85.3
16.5,85.3
16.3,86.4
16.5,86
16.7,86.3
16.7,85.4
16.6,86.7
16.7,85.7
16.5,87.1
16.4,87.1
16.4,86.7
16.4,86.8
16.3,86.7
16.4,85
16.1,87.4
16.1,87.9
16.1,88.3
16,88.2
15.9,87.8
15.8,88.4
15.8,88.5
15.9,88.9
16,87.6
16.2,88.1
16.3,88.3
16.5,88.7
16.8,88.8
16.9,87.8
17.3,87.2
17.7,86.3
17.9,84.9
18.4,83.9
18.7,82.7
19.1,80.7
19.7,78.9
19.9,77.6
20.6,75.4
20.7,73.6
21.6,71.5
21.9,69.3
22.1,66.6
22.6,65.3
23.2,63
23.8,60.6
24.3,58.1
24.8,56.4
25.1,55.6
25.3,54.7
25.9,52.6
25.6,52.3
26.8,50
27.1,49.3
27.1,47.9
27.5,46.3
28.4,44.8
27.8,44.1
27.9,43.9
29.1,42.5
28.9,40.3
28.9,40.6
30,38.9
29.9,36.9
31.3,34.2
30.8,35.6
30.9,34.4
31.3,32.2
31.8,31.3
31.6,31.6
32.3,30.8
32.1,29.6
31.1,31.6
32.1,28.6
32.9,26.9
33,26.4
33.3,24.9
32.8,25.1
33.9,23.6
33.8,23.6
33.8,23.7
34.6,22.6
35.3,22.2
34.9,22.1
34.9,21.9
35.1,21.2
35.6,20.1
35.8,19.9
34,20.3
36.3,18.4
35.6,19.4
34.5,21.5
35,18.9
35.8,18.5
35.9,18.4
36.6,18.3
35.4,18.7
36.3,18.4
35.4,18.7
36.6,18.3
35,18.6
35.6,18.5
36.9,18.3
36.9,18.1
37.4,18
36.8,18.1
36,18.3
37.2,18.3
37.7,17.8
35.7,18.3
36.5,18.1
37.1,18.1
37.6,17.9
36.9,17.9
35.4,18.1
37.5,17.6
36.9,17.7
36,17.7
37.5,17.3
37.1,16.8
35.4,17.9
36.5,17.6
40.3,17.6
38.9,17.8
38.3,17.9
38.8,17.8
39.3,17.8
39.3,17.8
39.1,17.8
39,17.8
38.6,17.8
39.3,17.8
39.7,17.7
38.8,17.6
39.6,16.3
39,17.4
40.2,16.1
39.4,15.7
39.1,15.8
40.4,16.1
38.9,17.1
39.7,16.3
38.9,14
39.4,14
39.8,16.2
40.1,15.6
40.8,15.4
39.2,14
40.1,14
39.2,14
39.5,14
39.1,13
39.4,14
39.6,12
38.9,14
39,14
39,13
38.4,13
38.6,13
39,14
38.9,13
37.8,14
38.4,14
37.8,15.1
38.4,14
38.5,14
37.6,15.7
37.7,16.3
37.4,16.7
36.9,17.3
37.4,16.9
36.9,17.5
36.8,17.4
36.5,17.4
36.6,17.3
36.4,17.3
36.2,17.6
36,18.4
35.8,18.4
35.7,18.3
35.3,19.1
35.3,19.9
35.1,20.4
34.9,21.2
34.7,21.3
34.3,21.9
34.1,22.1
33.7,22.6
33.9,22.7
33.7,23.2
33.6,23.7
33.6,23.7
33.3,24.2
33.1,24.8
33.1,25.4
33,26.2
32.8,26.9
32.8,26.9
32.4,27.5
32.3,27.8
32.3,28.3
32.1,28.8
31.8,29.7
31.8,30.4
31.7,31.8
31.5,32.3
31.3,32.4
31.2,33.7
31,35
30.8,36.3
30.6,37.2
30.4,38.1
30.2,39
30.2,39.1
30.1,40
29.9,41
29.8,41.3
29.5,43.2
29.4,43.9
29.3,44.6
29.1,44.3
28.9,45.1
28.9,45.6
28.7,46.9
28.4,48.2
28.2,48.8
28.1,48.9
28.1,49.4
27.9,49.8
27.8,49.8
27.7,50.2
27.7,50.2
27.5,50.6
27.3,51.1
27.3,50.9
27.2,52
26.9,52.4
27,52.6
26.9,53.5
26.8,54
26.7,54.4
26.6,55.3
26.6,55.5
26.4,56.1
26.3,56.7
26.3,56.8
26.2,56.9
26,57.6
26,58.9
26,60.4
26,60.7
25.9,61.9
25.8,62.7
25.7,63.7
25.8,63.6
25.6,64.3
25.6,64.9
25.4,65.3
25.5,65.8
25.4,66.4
25.4,67.1
25.3,67.3
25.3,67.3
25.2,68.1
25.1,68.6
25.2,68.8
25.1,68.9
25.1,69.5
25.1,69.8
25.1,70.1
25.1,70.3
25,70.6
24.8,72.1
24.8,71.8
24.6,72.7
24.7,73.2
24.6,73.3
24.5,73.7
24.4,73.6
24.4,74.3
24.3,74.4
24.4,75.1
24.2,75.4
24.3,75.8
24.2,75.9
24.1,76.1
24.1,76.4
24.1,76.6
24,77.1
23.9,77.5
23.9,78.1
23.9,78
23.9,78.2
23.9,78.5
23.7,78.1
23.6,78.9
23.7,79.5
23.5,79.7
23.5,80.1
23.4,80.8
23.4,80.8
23.4,81.2
23.3,80.7
23,81.8
23.1,82.3
23.1,83
22.9,83.2
22.9,83.4
23,83.4
22.8,83.9
22.8,84.1
22.8,84.1
22.7,84.9
22.6,85
22.6,85.1
22.6,84.3
22.6,84.2
22.4,84.3
22.3,83.9
22.3,83.4
22.1,83.4
22.1,85.1
22,84.9
22,85.3
21.9,86.3
21.9,86.3
21.9,86.1
21.9,86.9
21.7,87.8
21.8,88.5
21.9,88.1
21.8,88.4
21.9,88.9
22.1,88.8
22.3,88.2
22.4,87.3
22.8,86.7
22.9,85.5
23.3,84.3
23.4,82.9
23.6,81.9
24.1,79.9
24.4,78.3
24.9,76.6
25.5,74.4
25.7,72.8
25.8,70.9
25.8,70.1
26.4,68.9
26.7,67.3
27.3,64.8
27.1,63.6
27.3,62.3
28.3,58.7
28.1,57.4
28.2,56.6
28.8,54.9
28.5,54.8
27.8,55.2
28.4,53.3
28.9,52.4
29.9,49.3
29.2,49.6
30.6,46.9
31.3,44.8
31.9,43.3
32,43.4
31.6,43.1
32.8,41.4
31.5,43.3
32.2,41.5
32.1,40.7
32.5,40.2
32.1,40.4
33.8,38.2
33.4,38.3
32.9,38.3
33.6,37.4
34.3,36.5
34.1,37
35.5,33.6
33,37.2
35.1,34.9
35.7,32.4
35.9,32.1
36.1,31.7
35.9,30.8
35.4,31.8
36.1,30.5
36.1,29.9
35.1,31.9
37.1,28.5
36.6,28.1
36.1,28.5
37.1,27.8
36.9,27.7
37.7,26.8
37.6,26.4
38.3,25.4
38.7,23.9
38.6,24
39.4,23.9
38.1,23.8
38.8,23.5
39.2,23.4
39.1,23.3
38.9,23.1
39.3,22.8
39.7,22.4
38.9,22.8
39.4,22.9
40.1,22.7
39.6,22.3
37.2,23.1
38.1,22.4
37.9,23.8
37.1,24
37.6,24.3
38.8,23.6
39.2,22.6
39.6,22.1
40.7,20.9
38.2,22.1
38.4,22.6
40.3,21.9
39.6,21.9
40.4,21.9
40,21.4
40.3,21.3
40.1,20.3
41.4,19.7
40.2,20
40.8,19.6
40.5,19.2
40.4,18.8
40.1,20
41.1,19.7
40.6,18.9
40.4,18.9
39.9,20
38.8,21.9
39.4,21.6
39.4,19.9
39.8,18.5
39.8,20
39.1,20.4
38.8,21.3
38.8,21.3
38.8,20.4
38.8,21.7
39.2,20.6
38,21.8
37.7,21.8
37.9,21.8
38.6,21.2
38.1,22.1
36.9,25
36.9,26.4
36.4,27.9
36,29.6
35.9,31.5
35.4,32.7
35.1,33.4
34.8,34.3
33.9,34.6
33.6,34.7
33.7,35.1
33.4,35.4
33.3,35.6
33,36.5
33.1,36.4
32.8,37.1
32.4,37.8
32.3,38
32.4,38
32,38.6
31.9,38.8
31.7,39.3
31.5,39.9
31.4,40.1
31.3,40.5
31.3,40.6
31.3,40.3
31.1,40.6
31.1,40.8
31.2,40.6
31.1,40.9
30.9,41.9
31.1,41.3
30.9,41.7
30.9,41.8
30.5,42.3
30.6,42
30.3,43
30.5,43
30.4,42.9
29.9,44.2
30.1,44
29.8,45
29.7,45.2
29.6,45.6
29.4,45.9
29.3,46
28.8,45.6
28.8,49.3
28.4,51.2
28.6,49.8
28.3,50
28.3,49.8
28.1,50.4
28.1,50.1
28.5,48.9
28.4,50.2
28.3,50.7
28,50.8
28.1,50.7
28.1,51.6
27.7,52.8
27.6,52.1
26.8,53.2
26.6,54.9
26.5,54.6
27,53.6
27.1,53.8
26.6,54.6
27,54.4
26.1,56.5
25.8,58.1
25.7,58.1
25.7,58
25.9,57.9
25.4,59.6
25.8,58.2
26.2,58.4
26.3,57.4
25.6,59.1
26,58.4
26.1,57.5
25.3,59.9
25.3,61.4
25.8,61.2
25.6,61.5
25.5,60.1
25.6,59.9
25.6,60.6
25.6,61.8
25.3,62.8
25.3,63
24.9,63.1
25.1,62.3
25.2,61.6
25,61.9
24.4,64.5
24.6,64.9
24.6,63.7
24.6,65.1
24.6,64.6
24.7,64.1
24.3,65.8
24.5,65.6
24.6,64.8
24.8,66.4
24.8,66.6
24.5,65.4
24.6,66.6
24.7,67.7
24.8,67.4
24.8,68
24.8,67.1
24.6,68.1
24.8,67
24.8,68
24.6,68
24.6,67.8
24.4,67.2
24.5,67.7
24.4,67.2
24.3,67.9
24,68.7
24.2,69.3
24,69.9
24,69.6
23.9,70.8
23.6,71.6
23.6,70.6
23.5,70.9
23.3,72.1
23.2,72.1
23.1,71.7
22.8,71.4
22.8,72.2
22.8,70.8
22.9,73.4
22.7,75.4
22.8,73.8
22.6,74.5
22.5,75.1
22.5,75.8
22.5,74.1
22.6,75.3
22.4,76.4
22.5,75.4
22.4,76.3
22.5,76.7
22.4,76.7
22.6,78.6
22.4,78.5
22.6,79.1
22.6,80
22.8,80.3
22.9,80
22.8,80.1
22.8,80.2
22.9,79.7
22.8,81.1
22.8,79.7
22.6,80.1
22.8,80.1
22.5,80.8
22.8,80.9
22.8,81.1
22.9,81.8
22.9,81.8
23.2,80.9
23.5,79.8
23.4,79.6
24.1,77.5
24.3,76.4
24.6,75.2
24.9,73.9
25.2,73.1
25.6,71.4
25.7,70.4
26.3,68.4
26.8,67
27,65.9
27.4,64.2
27.9,62.8
27.8,62.2
28.9,59.8
28.8,59.6
29.3,57.9
30.2,55
29.5,56.5
30.4,54.1
30.3,53.9
30.6,52.4
30.6,52
30.6,50.9
31.1,49.4
31.6,48.3
31.3,48
31.6,48.7
32.3,44.7
32.7,44.3
33.5,42
32.9,42.5
33.1,42.5
34.1,40.4
33.6,40.4
33.8,39.8
33.9,39
34.8,38.5
35.8,37.2
36.6,34.8
35.4,36.4
35.4,36.1
34.1,38.5
34.9,37.8
35.8,34.9
35.3,36.2
36.6,33.6
36.1,34
37.8,31
37.3,32.2
37.5,31.9
36.8,31.8
38.1,28.9
37.4,28.9
38.8,27.7
36.6,28.8
36.8,29.5
37.6,29.2
37.1,30.1
37.3,28.1
36.9,29.3
37.1,27.8
37.6,27.5
38.9,26.9
39.3,24.4
40.3,23.8
40.6,23.2
39.1,23.4
38.6,24.4
39.1,24.4
39.5,23.9
40.2,22.7
40,22.7
40.1,22.7
40.3,22.4
40.4,22.1
40.8,21.9
39.9,22.1
40.4,21.9
40.3,21.9
39.9,22.1
41.1,21.8
41.1,21.8
41.5,20.9
40.8,19.9
40.9,17.9
39.6,17.9
40.3,20.3
39.6,23.4
39.5,23.5
39,24.2
39.3,23.4
38.3,24.8
38.4,26.3
38.5,25.8
38,31.1
37.8,30.9
37.8,31.4
38.1,31
38.3,29.8
37.8,30.4
36.8,32.3
37.1,31.8
37,31.5
36.6,32.3
36.8,32.1
36.2,32.8
36.4,32.6
36.2,32.8
35.5,34.1
35.9,33.4
34.8,35.8
34.3,36.9
34.3,36.8
33.4,38.2
33.4,38.4
33.6,38.1
33.5,38
32.8,39.6
33.3,39.1
33.6,39.3
32.6,41.8
32.3,43.8
32.4,44.1
32,45.7
31.6,47.4
31.4,48.3
31.2,49
30.8,50.5
30.3,52.3
30.1,52.6
30.2,52.5
30.1,52.7
29.7,54.3
29.7,54.3
29.4,56
29.3,57
28.9,58.4
28.8,59.1
28.6,59.4
28.5,59.9
28.4,60.4
28.2,61.7
28,63.1
27.8,64.2
27.9,63.6
27.8,63.9
27.6,64.6
27.5,64.8
27.4,66.3
27.3,67.2
27,68.6
27.1,68.4
26.9,68.4
26.8,68.6
26.8,69.2
26.7,69.9
26.7,70.1
26.6,70.6
26.6,70.4
26.6,70.2
26.5,70.4
26.6,70.5
26.7,70.4
26.7,71.3
26.7,71.3
26.7,71.4
26.7,71.8
26.7,71.9
26.7,71.9
26.8,71.4
26.7,71.6
26.6,72.3
26.5,72.6
26.6,72.3
26.6,72.9
26.6,72.8
26.4,72.7
26.4,72.3
26.3,73.1
26.2,73.5
26.1,73.1
26,75.3
25.9,75.1
26,73.6
26,73.6
25.6,75.7
25.6,76.4
25.5,74.1
25.6,75.6
25.6,75.8
25.5,77
25.6,75.4
25.4,77.5
25.3,78.4
25.4,78.4
25.4,78.6
25.3,79.3
25.3,80.2
25.3,80.4
25.3,80.1
25.3,80.7
25.2,81.1
25.2,81.2
25.1,81.3
25.1,81.4
25,81.8
25.1,81.3
25.1,81
24.9,82.6
24.9,82.4
24.8,83.1
24.8,83.4
24.7,83.4
24.7,83.4
24.8,82.5
24.6,83.6
24.6,82.6
24.4,83.8
24.5,83.1
24.5,82.7
24.4,82.8
24.1,85.1
24.1,84.5
24.1,84.8
24.2,84.7
24.1,86
23.9,84.4
24.1,84.8
24,85.4
24,85.6
23.9,86.1
23.9,86.5
23.8,87.1
23.8,86.7
23.9,86.3
23.9,85.7
23.8,85.4
23.8,85.5
23.8,86.4
23.8,86.2
23.7,86.1
23.7,86.4
23.6,87.3
23.6,87.5
23.7,88.4
23.7,88.4
23.7,88.4
23.6,88.3
23.6,89.2
23.6,89.4
23.6,89.9
23.6,90.4
23.7,90.1
23.7,90.8
23.7,90.7
23.7,90.2
23.6,90
23.6,90.8
23.6,90.8
23.7,91.1
23.6,90.8
23.6,90.4
23.6,91.1
23.6,91.3
23.6,90.9
23.6,91.5
23.6,91.4
23.6,91.6
23.6,91.9
23.6,92.2
23.6,92.2
23.6,92.3
23.7,92.4
23.8,92.3
23.8,91.8
23.8,91.8
23.8,91.5
23.9,91.3
23.9,90.6
24,90
24.1,89.5
24.2,89
24.4,88.3
24.5,86.9
24.6,86.3
24.8,85.2
25,84.3
25.2,83.4
25.3,82.1
25.5,80.6
25.8,79.4
26,78.5
26.2,76.1
26.4,74.9
26.8,73.2
26.8,71.6
27.3,70
27.4,68.8
27.8,68.1
27.9,66.3
28.1,64.7
28.4,63.7
29.3,60.9
29.1,59.3
29.4,58.8
29.6,58.3
30.3,55.1
30.8,52.9
31.2,51.4
31.3,50
31.3,48.2
31.3,48.1
31.9,45.1
31.9,46
32.4,44.6
32.8,43
33.3,42.1
33.2,42.8
33.8,40.8
33.9,40.7
34.6,39.9
34.1,38.7
34.7,38.3
36.4,36.5
35.3,36.9
35.8,35.8
35.5,35.4
36.8,34.7
36.9,32.1
36.7,33.3
37.5,30.4
37.6,29.3
38,29.2
36.9,29.1
37,29.6
37.8,27.9
37.8,27.9
38.9,26.1
39.9,24.8
39.1,25.6
39,23.4
39.9,24.2
39.9,23.4
40.2,23.1
40.3,22.6
40.7,23.2
40.4,22.6
41.6,21.8
39.8,22.8
40.4,22.6
39.9,22.6
40.9,21.9
41.6,22
40.8,21.8
40.9,20.3
40.7,20
40.9,19.9
41,21.4
40.3,20.4
40.7,21.8
40.4,21.9
40,21.9
41.4,20.6
39.3,21.8
41.1,21.4
41.3,20.1
41.1,19.8
41.8,19.6
42.9,19.3
41.7,19.8
39.6,21.3
41.6,20.7
40.5,19.9
40.1,21.3
41.8,19.8
41,19.1
41.8,17.9
39.8,20.1
41,19.8
40.4,20
40.6,20
40.9,18.9
39,20.8
41,18.8
39.4,18.8
41.6,17.8
41.1,17.4
41,17.4
41.4,17.4
41.3,17.4
41.7,17.4
41.9,17.4
40.1,17.6
40.8,17.6
40.6,17.4
40.5,17.6
40.1,18
40.1,17.8
39.5,18.1
40.3,17.4
39.4,18.8
39.4,18.4
38.5,18.4
38.4,18.4
38.9,18.3
39.2,18.1
38.9,19.3
39.1,19.3
38.6,20.3
38.5,20.4
38.2,20.8
37.9,21.2
37.6,22.1
37.6,22.3
37.3,22.8
37,22.9
36.9,23.1
36.8,23.1
36.3,23.9
36.1,24.3
36,24.9
35.7,25.6
35.8,26.3
35.3,27.1
35.3,26.9
35.1,27.3
34.8,27.8
34.8,27.8
34.3,28.1
34.3,28.1
34.2,28.3
34.1,28.3
33.9,28.6
33.8,29.1
33.6,29.2
33.4,29.9
33.3,30.5
33.2,31
33,31.7
32.9,32.3
32.7,32.7
32.6,33.3
32.4,33.8
32.3,34
32.1,34.6
32.1,35.3
31.8,36
31.7,36.9
31.6,37.3
31.6,37.4
31.4,37.9
31.4,38.4
31.2,38.9
31,39.1
30.8,40.1
30.8,40.5
30.7,40.9
30.4,41.6
30.4,42.4
30.3,42.8
30.2,43.4
30.1,43.6
29.8,44.6
29.9,44.5
29.6,45.1
29.7,45.4
29.5,46.1
29.4,46.4
29.2,47
29.1,47.4
29,48.3
28.9,48.9
28.8,49.2
28.7,49.7
28.6,49.9
28.4,51.1
28.4,52
28.2,53.1
28.2,53.4
28.1,54
27.9,55.4
27.9,55.8
27.7,56.3
27.6,56.9
27.4,58.9
27.4,59.3
27.4,60.1
27.3,60.9
27.1,62.1
27.1,62.8
27.1,63.6
26.9,63.7
26.8,64.4
26.8,65.5
26.7,66.1
26.6,66.8
26.6,67.2
26.5,68.1
26.4,69.2
26.5,69.9
26.3,70.6
26.3,70.6
26.3,71.5
26.2,71.6
26.2,72.4
26.1,73.7
26.1,73.8
26,74.6
26.1,74.5
25.9,74.7
25.9,75.2
25.8,76.1
25.8,75.8
25.8,76.6
25.7,77.2
25.7,77.4
25.7,77.8
25.6,78.3
25.6,78.7
25.6,78.8
25.5,79.3
25.5,79.6
25.6,79.4
25.4,79.8
25.6,79.9
25.4,80.2
25.6,79.9
25.6,79.8
25.7,79.3
25.7,79.1
25.8,78.7
25.9,78.1
25.9,77.7
26,77.4
26.1,76.9
26.1,76.5
26.1,76.3
26.1,76.8
26,76.9
26.1,76.6
26,76.8
26,76.9
25.9,77.1
25.9,77.8
25.9,78.3
25.9,78.3
26,78.1
25.9,78.4
25.9,78.4
25.8,78.5
25.8,78.5
25.8,78.8
25.8,79.3
25.8,78.9
25.8,79.3
25.7,79.6
25.8,79.4
25.8,79.4
25.9,79.1
25.9,78.9
25.9,78.6
25.9,78.6
25.9,78.8
26,78.5
26.1,78.1
26,78.3
26.1,78.4
26.1,78.5
26.1,78.4
26.1,78.4
26.1,78.1
26.2,77.6
26.3,77.3
26.3,77.3
26.6,76.3
26.5,76.1
26.6,76
26.7,75.2
26.9,74.7
27.1,73
27.4,71.9
27.5,70.4
27.6,69.7
28.1,68.4
28.1,67.9
27.9,67.3
28.1,66.8
27.9,67.3
28.2,66.3
28.2,65.3
28.6,64.4
29.4,62.6
29,61.4
29.4,60.2
29.9,58.3
29.8,57.9
30.1,57.1
30.3,55.9
30.4,55.8
30.3,55.4
30.5,53.3
30.4,53.9
30.4,53.1
31.6,50.1
32.3,48.1
31.4,49.6
32.1,48.3
31.9,48.5
31.7,48.3
31.5,48.4
32.3,48
33.3,44.6
34.1,43.3
34.3,41.3
34.3,41.4
35.2,40.8
36,37.7
35.2,37.9
35.2,37.8
35.6,36.8
36.5,35.8
36.6,34
37.1,33.6
36.6,33.8
36.8,33.5
37.8,32.2
37.4,31.7
38.1,30.2
37.7,30.6
38.3,28.8
38.6,28.9
39.6,26.4
40,26
39.4,26.6
39.8,26.3
40.2,25.4
39.3,25.5
40.5,23.6
39.9,24.7
40.3,24.4
41.1,23.1
41.4,22.9
39.3,24.4
41,22.9
39.9,23.1
39.6,23.2
39.9,22.8
41.5,22.1
40.3,22.1
40.6,22.3
41.1,21.9
40.6,21.2
41.3,21.9
40.9,22.1
41.3,22.3
40.1,22.1
41.4,21.1
41.1,19.9
41.4,20.8
41.4,20.2
42.1,19.7
42.8,19.4
42,17.5
42.2,17.8
40.8,17.9
40.4,19.9
41.1,19.8
41.5,18.7
39.3,20.6
41.3,18.8
41.4,17.4
41.8,17.1
40.5,18.3
41.6,17.9
41.1,17.8
41.8,17.4
41.8,17.4
41.3,17.5
41.1,17.5
41.2,17.5
40.1,17.6
40.4,17.6
40.9,17.6
40.5,17.4
40.3,17.6
40.9,17.4
40.5,17.4
40.6,17.4
40.6,17.4
39.6,19.1
38.8,20.1
39,20.2
39.3,20.1
39.1,20.2
39.1,20.5
38.8,21.5
38.2,21.9
37.8,22.1
37.9,22.1
37.8,22.2
37.3,23.1
37.3,23.1
37.1,23.6
37,23.8
36.8,24.1
36.5,24.8
36.4,25.1
36.1,26.9
35.9,27.6
35.6,28.5
35.4,29.2
35.3,29.6
35.1,30.1
34.9,30.9
34.8,31.5
34.5,32.5
34.4,32.7
34.1,33.2
33.9,33.8
33.8,34.6
33.7,34.6
33.4,36
33.3,36.9
33,37.6
32.8,38.1
32.7,38.4
32.4,39
32.4,39.3
32.2,39.7
32.1,40.2
31.9,40.7
31.9,41
31.7,41.7
31.5,41.6
31.3,41.8
31.3,42.1
31.1,43
30.9,43.3
30.8,43.7
30.8,43.8
30.6,44.4
30.5,44.8
30.3,45.8
30.3,46.7
30.1,47.9
29.9,49
29.8,50.1
29.8,50.4
29.5,51.3
29.4,51.7
29.3,52.5
29.3,52.9
29.1,53.2
29.2,53.3
29,53.7
29,53.6
28.9,53.7
28.8,53.9
28.6,55.1
28.6,56.3
28.4,56.9
28.3,57.2
28.2,57.6
28.2,57.9
28.1,58.2
27.9,58.2
27.8,58.9
27.8,59.3
27.8,59.5
27.6,59.9
27.6,60.9
27.5,61.1
27.5,61.8
27.4,62.4
27.4,62.5
27.3,63.3
27.3,63.4
27.3,64.1
27.2,64.4
27.1,65.2
27.1,65.3
27,65.6
26.9,66.1
26.9,66.7
26.9,67.1
26.9,67.1
26.8,67.6
26.8,67.9
26.8,67.8
26.9,68
26.9,67.8
26.9,67.6
26.9,67.3
26.9,66.9
26.9,67.4
26.8,67.6
26.7,67.8
26.8,67.9
26.8,68.4
26.7,68.4
26.6,68.9
26.6,68.6
26.6,68.8
26.6,68.6
26.7,68
26.6,67.5
26.7,66.2
26.6,65.9
26.5,66.2
26.6,65.9
26.4,66.3
26.3,66.9
26.3,67.1
26.3,67.4
26.3,67.6
26.3,67.6
26.2,67.9
26.2,68.1
26,69.1
26.2,68.6
26.1,69.1
26.1,69.4
26,69.4
26,69.7
25.9,70.3
25.8,71
25.9,71.2
25.8,71.5
25.8,71.8
25.8,71.9
25.7,72.1
25.7,72.3
25.6,72.6
25.6,72.6
25.6,72.8
25.6,72.9
25.5,73.4
25.5,73.6
25.4,73.7
25.4,74.1
25.4,73.9
25.4,74.6
25.4,74.6
25.3,74.9
25.4,74.9
25.2,75.4
25.3,75.7
25.3,76
25.2,76.2
25.2,76.6
25.2,76.6
25.2,76.6
25.1,77
25.1,76.9
25.2,76.9
25.3,76.8
25.3,76.5
25.4,76.1
25.6,75.6
25.6,75.3
25.8,74.8
25.9,74.1
26.1,73.5
26.2,72.9
26.4,71.9
26.7,70.7
26.8,70.1
27,68.9
27.4,67.5
27.7,66.8
27.8,65.7
27.9,64.9
28.1,64.2
28.4,62.8
29,60.9
29.1,59.8
29.3,59.4
29.9,56.9
30.1,55.5
30.6,54.2
30.4,54.5
30.8,52.3
30.4,53.3
30.9,52.4
31.5,50.3
31.3,50.2
31.6,48.9
31.9,47.2
32,47.8
32.9,44.9
33,44.4
33.1,44.6
33.4,43.7
33.8,42.9
33.9,42.2
34.8,39.8
33.3,42.2
35,38.8
35,37.8
35.5,37.2
35.8,37.5
35.4,36.9
36.8,34.1
36.3,34.6
37.6,32.8
36.3,33
37.7,31.9
37.1,32.1
38.1,30.6
37.5,31.9
38.3,29.3
39.6,27.5
39.3,27.1
38.6,28
39.4,26.7
39.8,26.3
40.1,25.3
40.6,25.8
40.2,24.3
40.5,23.3
40.1,23.4
40.1,23.4
40.4,22.7
40.7,23.2
40.7,22.8
41.6,22.1
40.7,22.4
42.4,21
41.9,21.8
40.2,21.3
41.9,21
40.9,21.3
40.9,21.8
41.9,20.4
40.8,21.1
42.4,18.2
42.6,19.6
42.5,19.4
42.7,17.8
43.4,17.4
43.2,17.6
43.3,17
43.3,17
43.1,17.1
43.8,17
42,17.1
41.8,16.9
42.8,16.7
44.1,14
43.6,13
42.6,13
43.2,13
43.4,13
43.5,13
43.6,13
43.1,12
43.4,12
42.6,12
43.6,13
43.9,13
43.4,13
44.1,11
43.9,13
41.8,13
41.6,13
42.3,13
41.6,13
40.8,14
40.6,13
41.3,13
41.6,14
41.5,14
40.8,15.9
40.3,15.6
40.6,14
41.4,15.8
41.3,14
41,16.3
40.1,22.7
38.7,25.4
37.4,30.6
37.5,32.1
36.4,35.8
36.1,36.9
35.9,37.4
33.9,40.5
32.9,43.6
29.4,70.1
28.3,70.9
29.3,64.1
29.3,68.1
29.3,66.6
29.4,70.6
28.8,70.6
27.7,81.1
27.1,84
28.4,76.1
29.2,73.3
28.9,71.4
29.3,66.3
29.7,62.9
29.4,66.2
29.5,65.3
29.3,67.6
29,67.5
29.2,68.8
28.8,73.3
28.6,73.1
28.5,70.9
28.6,70.8
28.7,72.9
28.1,73.1
27.9,74.1
27.6,78.9
27.8,76.4
28.1,76.4
27.2,80.8
27.1,81.7
27.4,79.8
27.1,82.5
27.1,83.4
26.8,84.8
27,83.6
26.9,83.6
26.8,83.4
26.7,82.7
26.7,83
26.8,82.9
26.6,83.2
26.5,83.6
26.5,84
26.3,84.5
26.3,83.9
26.3,84.1
26.2,83.6
26.3,83.1
26.3,83.4
26.1,84.3
26.1,84.4
26.4,83.4
26.2,83
26.3,81.9
26.2,83.4
26,84.9
26.1,84.2
25.8,85.3
26,85.5
26.1,84.1
25.9,84.4
25.9,83.6
26.1,82.4
26,81.8
26,81.3
25.9,80.8
26,80.7
25.9,79.5
25.9,79.6
25.9,79.8
25.6,81.1
25.8,79.4
25.8,79.3
25.8,78.8
25.8,79.6
25.8,78.5
25.7,79.9
25.5,80.9
25.3,82.1
25.3,81.8
25.4,81.3
25.4,81.3
25.4,80.6
25.3,80.3
25.3,81.2
25.1,81.8
25.3,80.4
25.3,81.1
25.2,81.9
25.3,82.1
25.2,81.4
25.2,82.2
25.2,81.8
25.2,82.1
25.2,81.7
25.3,82.3
25.2,82.8
25.1,83.3
25.1,83.2
25.1,83.6
25.2,83.4
25.1,83.8
25.1,84.1
25.2,83.6
25.1,83.8
25.1,85
25.1,84.7
25.1,85.1
25,85
25.1,84.9
25,85.7
25,85.3
25,85.6
24.9,86.1
24.9,85.8
24.9,86.4
24.9,86.6
24.9,86.5
24.9,86.4
24.9,86.7
24.9,86.7
24.9,86.9
24.9,87.1
24.8,87.4
24.9,87.4
24.8,87.6
24.8,88
24.8,87.9
24.9,87.6
24.8,87.8
24.8,88.3
24.8,88.2
24.9,88.3
24.9,88.5
24.9,88.4
24.9,88.4
24.9,88.4
24.9,88.3
24.9,88.7
24.8,89.1
24.8,89.4
24.8,89.4
24.8,89.4
24.9,89.6
24.8,89.9
24.8,89.9
24.8,90.3
24.8,90.3
24.8,90.1
24.7,90.9
24.7,90.9
24.8,90.8
24.8,90.6
24.8,91.1
24.9,90.8
24.9,90.8
25.1,90.8
25.1,90.2
25.3,89.9
25.4,89.9
25.4,89.2
25.5,88.5
25.7,88
25.8,87.2
25.9,86.8
26,85.6
26.1,85.1
26.2,84.3
26.1,83.3
26.3,83
26.5,83.2
26.4,81.6
26.6,80.9
26.9,79.9
26.9,79.2
27.1,77.3
28.1,75.4
27.8,75.1
28.2,74.4
28.4,72.1
29.1,69.7
29.4,68.6
29.8,65.4
30.1,64.8
29.8,62.3
30,63.1
30.3,62.6
30.5,61.7
30.1,60.9
30.1,61.2
30.3,59.8
30.1,60.4
30.3,58.9
30.3,58.9
30.3,59.7
30.3,60.3
30.3,60.6
31.1,57.3
31.7,55.8
31.8,55.8
31.6,53.7
31.3,53.9
32.5,52.1
32.4,52.1
32.8,49
33.5,48
33.7,46.6
35.2,43.3
35.6,40.9
35.2,42.1
35.1,40.7
35,43.6
35.2,42.9
35.2,41.5
36.1,39.7
36.7,37.1
35.9,38
36.3,37.8
37.5,35.5
37.9,36.1
38.3,33.3
37.6,34.1
38.2,34
36.9,35.4
38.6,32.9
39.3,33
36.8,34.8
38.3,32.7
37.2,34.6
37.1,35
38.5,32.6
37.8,33.4
38.6,33.5
37.6,32.9
38.1,33.3
38,31.6
36.6,34.4
37.9,32.5
38.9,30.4
39,31.2
39.2,29.9
37.6,29.8
39.3,30.4
40.3,26.8
39.2,28.3
40.3,26.3
39.9,27.4
39.6,28.1
39.9,26.1
40.4,25.4
39.9,25.4
39.5,25.9
39.2,26.3
39.3,26.1
39.4,26
39.8,26
39.3,24.6
38.7,25.9
39.1,25.9
39.1,25.1
39.5,24.9
39.8,25.6
40.2,24.4
39,24.4
40.1,23.9
40,23.4
39.8,23.5
39.5,24.1
39.8,24.3
39.5,24.4
39.7,23.6
39.2,24.6
39,24.7
38.9,24.4
39.2,24.1
38.8,24.6
38.6,24.7
38.6,25.4
39,25.8
39.1,25.1
38.6,25.4
36.8,40.7
35.5,44.1
35.1,45.5
34.7,47.1
34.2,47.3
34.1,48.1
33.9,48.3
33.8,48.6
33.3,48.9
33.3,49.1
33.5,48.5
33,49.4
32.7,50.5
32.4,51
32.2,52.5
31.9,52.6
31.8,53.3
31.4,54.2
31.3,54.9
30.9,56.1
30.8,56.7
30.8,56.6
30.6,57.1
30.6,57.6
30.4,58.1
30.4,58
30.2,58.4
30.1,59.2
30.1,59.2
30,59.6
30,60
29.8,60.4
29.6,61.1
29.4,62.6
29.4,62.3
29.2,62.6
29.2,63.7
29.2,63.1
29.1,62.8
28.9,64.3
28.8,64.3
28.7,65.8
28.6,67
28.4,66.8
27.8,69
27.8,67.8
27.8,69.2
27.7,68.9
27.8,69.2
27.4,69.5
27.5,70.1
27.3,70.3
27.4,70.8
27.2,71.1
27.1,74.6
26.6,75.3
26.9,74.6
26.8,74.1
26.4,73.6
26.4,74.6
26.7,73.9
26.8,72.8
26.6,72.7
27.1,70.8
27.6,67.2
28.1,64.1
28.5,61.1
28.5,61.3
28.2,62.6
28.3,61.8
28.4,61.1
28.1,62.7
28.1,63.4
28.1,63
28.1,63.6
28,63.8
27.9,64.3
27.6,65.6
27.6,65.9
27.6,66.3
27.8,65.2
27.6,65.9
27.6,66.1
27.6,66
27.5,66.5
27.4,66.8
27.4,67.1
27.2,68
27.3,68.1
27.2,68.4
27.3,67.9
27.2,68.4
27.1,69
27,69.3
27,69.6
26.9,70.1
26.9,70.1
26.9,70.8
26.9,70.7
26.8,71.4
26.7,71.4
26.6,72.3
26.7,72.4
26.6,72.4
26.6,72.6
26.5,73.3
26.5,73.4
26.4,73.7
26.4,73.9
26.4,74
26.3,74.6
26.4,74.4
26.4,74.3
26.3,74.7
26.3,75.1
26.2,75.5
26.2,75.4
26.2,75.7
26.1,75.8
26.1,76.1
25.9,76.8
25.9,77.1
25.9,76.9
25.9,77.1
25.8,77.5
25.8,77.6
25.7,78.2
25.7,78.6
25.6,78.6
25.6,78.9
25.6,79.3
25.5,79.6
25.4,80.1
25.4,80.6
25.4,80.8
25.3,81.1
25.3,81.2
25.3,81.8
25.2,82
25.1,82.4
25.1,82.9
25.1,83.4
25.1,83.5
25.1,83.9
24.9,84.2
24.9,84.6
24.9,84.8
24.9,85.1
24.9,85.4
24.9,85.6
24.9,85.8
24.9,85.7
24.8,86
24.7,86.3
24.8,86.3
24.7,86.7
24.8,86.6
24.7,87.1
24.7,87.3
24.7,87.2
24.7,87.3
24.8,87.2
24.9,87.3
24.9,86.9
25.1,86.4
25.1,86.4
25.3,86.3
25.3,85.8
25.4,85.6
25.6,84.9
25.8,83.9
25.8,83.3
25.9,83
26.1,81.9
26.3,81.3
26.5,79.9
26.9,77.8
27.3,76.2
27.6,74.8
27.9,73.1
28.3,70.3
28.7,69.9
28.6,68.6
29.3,65.8
29.7,64.3
29.8,63.1
30.5,59.4
30.8,57.8
31.4,56.3
31.3,55.1
31.6,53.7
31.4,53.9
31.6,52.8
32,50.9
31.7,51.8
32,51.4
31.8,50.6
33.4,47.9
33.8,46.2
34.1,45.1
33.6,44.9
34.1,43.9
34.9,42.5
35.4,41.3
34.5,42.4
35,41.8
35.5,40.5
36.1,38.8
35.5,39.6
36.1,38.6
36.2,37.6
37,36.2
37.3,35.9
36.7,36.2
38,34.1
37.4,33.6
37.2,34.3
38.6,31
36.7,33.3
38.6,31.5
38.6,29.5
38.4,31.4
38.8,30.7
39.4,29.1
39.6,27.3
39.4,28
39.9,27.4
40.4,26.3
40.1,26.1
40.3,25.4
41.3,24
40.9,24.4
39.5,24.2
41.8,23
40.8,24
41.3,23.9
41.7,23.4
41.9,23.5
41.8,22.4
42.3,22.3
41.8,22.4
41.6,22.2
42.4,21.9
41.4,21.9
41.9,21.9
41,21.9
41.9,22.3
42,21.8
43.5,20.3
40.9,20.9
42.4,20.9
42.4,19.6
43.3,19.3
41.9,19.5
40.8,20.1
41.2,19.9
42.9,19.5
42.4,18.7
43.3,17.3
42.9,17.2
42.7,17.6
42.3,19.6
42.3,18.3
42.8,17.3
43,17.3
43.3,16.8
42.3,17.1
43.2,17.3
43.7,15.7
43.1,15.4
43,16.3
43.3,16.6
43.4,16.9
42.3,16.1
41.7,16.9
41.5,17.3
41.2,17
41.6,17.1
40.5,17.4
41.1,17.3
40.2,17.6
40.7,17.6
40.4,17.4
39.9,24.9
39.8,27.2
39.5,27.9
39.3,28.8
38.6,30.4
38.3,31.5
38,31.8
37.5,32.3
37.6,33.2
36.9,34.4
36.6,35.6
36.5,35.9
36.3,36.2
35.8,37.3
35.8,37.9
35.5,38.3
35.2,39.8
35,40.6
34.8,41
34.6,42
34.3,42.4
33.9,42.8
33.6,43.6
33.4,44.4
33.2,45.4
33,46.4
33,46.9
32.8,47.4
32.8,47.3
32.7,47.6
32.6,48
32.5,49
32.4,49.2
32.3,48.9
32.1,49.7
32,50.4
31.6,52.8
30.9,58.1
30.3,66.3
29.6,70.1
29.6,68.5
29.6,64.4
29.6,65.9
29.1,70.2
28.9,68.9
29.1,67.7
28.9,67.2
29.1,65.4
29.1,66.1
29.1,66.1
28.9,67
28.9,68.7
29.1,66.9
28.6,70.2
28.6,69.2
28.2,69.6
28.4,70.9
28.4,71.9
28.1,71
28.4,69.5
28.1,71.6
27.9,73.3
27.4,73.9
27.9,73.3
27.6,73.2
27.5,74.3
27.4,74.1
27.3,74.9
27.5,74.4
27.3,74
27.4,72.9
27.2,73.1
27.2,74.2
26.9,74.8
26.9,76.6
26.9,79
27,76.2
27,73.9
26.7,73.9
26.9,73.6
26.5,75.1
26.8,73.6
26.8,73.5
26.8,74.3
26.7,76.1
26.6,76.3
26.6,76.4
26.4,75.8
26.5,75
26,76.8
25.6,79
26.1,77.4
26.1,76.9
26.1,78.1
25.6,79.8
26,78.3
25.8,78.7
25.6,79.4
25.4,79.4
25.4,79.9
25.8,78.1
25.4,79.3
25.8,79.1
25.7,78.6
25.8,77.9
25.8,77.9
25.8,76.9
25.8,76.8
25.6,77.8
25.7,78.4
25.8,76.6
25.8,75.8
25.6,76.8
25.8,76.2
25.6,76.6
25.7,76.4
25.7,76.3
25.7,76.5
25.6,77.1
25.5,77.8
25.4,78
25.4,78.3
25.3,78.6
25.3,78.6
25.3,78.7
25.3,78.8
25.1,79.6
25.1,79.3
25.1,79.4
25.2,79.1
25.1,80.1
25.1,80.1
25.1,80.2
25,80.3
24.9,80.7
24.9,80.8
24.9,81.4
24.9,82.3
24.9,82.1
24.9,82.3
24.9,82.6
24.9,82.9
24.9,82.6
24.8,83.2
24.8,83.1
24.8,83.4
24.8,84.4
24.8,84.8
24.7,84.6
24.8,84.3
24.8,85.2
24.7,85.4
24.8,85.2
24.7,85.5
24.8,85.3
24.5,85.6
24.7,85.5
24.6,85.4
24.4,86.2
24.5,86.1
24.2,86.7
24.4,86.3
24.4,86.3
24.3,86.3
24.3,85.6
24.4,85.6
24.3,85.7
24.3,85.8
24.4,86.1
24.6,85.8
24.7,86.6
24.8,87.4
25,87.1
25.3,85.3
25.5,83.9
25.8,82.4
25.9,80.5
26,79.4
26.2,78.4
26.4,77.8
26.8,76.8
26.7,75.3
27.3,74.3
27.3,72.8
27.2,72
27.6,70.8
27.9,71.1
28.4,68.6
28.9,65.9
28.8,65
29.2,63.8
29.5,63
29.7,60.1
30.1,59.3
30.3,58
30.9,56.6
31.8,54.5
29.8,57.5
31.2,53.1
30.8,52.6
31.8,50
31.4,51.2
31.3,51.6
32.5,48.8
32.8,46.9
33.1,47
33.8,44.4
34.1,43.4
33.6,42.8
34,42.1
33.1,40.9
33.8,41.7
34.3,41.2
33.9,41.1
34,41.1
34.1,41.8
33.4,42.3
33.8,41.5
34.1,41.8
34.5,41.1
35.3,41
35.1,39
34.8,39.1
34,41.5
34.7,39.2
34.3,40.4
33.8,41.6
34.5,40.4
34.3,40
36.6,37.4
36.3,37.9
35.2,38.4
35.1,38.4
36.4,36.5
35.2,37.9
36.3,36.6
36.1,37
36.7,35.9
35.8,37.3
35,38
34.6,39.4
34.7,40.7
28.3,53.7
27.8,57.9
27.6,57.5
27.7,56.9
28.3,55.8
28,55.3
28.6,54.3
28.7,53.7
29.2,52.6
28.5,52.9
29.3,50.9
30.1,47
29.9,47.5
30.2,46.4
31.5,43.9
30.5,45.2
30.4,43.3
31.1,40.6
31.9,38.8
31.1,39.3
32.4,37.3
31.6,37.9
32.9,35.8
31.3,36.9
33.5,34.8
33.1,34.2
32.4,33.5
34.9,30.9
34,29.9
35.1,29.9
34.8,28.8
35.9,27.1
35.6,27
36.3,25.2
34.1,26.1
35.8,24.1
35.1,25.8
34.3,23.9
35.9,23.1
36.1,23.6
37.2,22.2
37,22.3
36.1,22.4
35.6,21.9
36,22.9
37.4,20.1
37.1,18.9
36.3,20.8
36.3,21.3
38.8,17.6
37.9,17.8
37.1,17.8
38.6,16.1
38,16.9
38.8,17.4
38.8,14
38.9,14
36.8,17.7
37.6,16.9
37.9,15.7
38.1,15.6
38.6,16.1
39,15.3
36.3,16.2
36.4,15.4
36.1,16.8
38.4,14
39,12
40.7,14
39.2,14
35.6,14
36.6,14
36.3,15
37.9,11
38.2,11
36.3,14
36.2,16.9
36.8,12
37.3,10
36.7,11
36.7,12
36.3,14
34.9,16.9
33.9,31.1
33.9,32.2
36.1,29.3
35.6,28.5
36.8,27.4
36.8,27.7
36.1,27.5
36,28.4
34.6,29.1
35.1,28.7
34.8,28.9
34.8,28.9
34.3,28.1
33.7,29.2
33.1,29.6
33.5,29.8
33.5,29.9
32.9,29.7
33.4,29.5
32.9,29.9
32.5,30.7
32.5,30.2
32.5,31.8
31.6,32
31.6,32.3
31.6,32.4
31.2,33.1
31.3,33.3
31.2,33.8
30.8,34.3
30.7,35.3
30.4,35
30.4,34.5
30.2,35.1
29.9,35.6
29.8,36.3
29.6,36.9
29.1,37
28.9,37
28.7,37
28.6,36.8
28.4,36.1
28.3,35.9
28.2,36.9
27.9,37.3
27.9,37.3
27.7,38.3
27.6,38.9
27.4,39.4
27.3,40.5
27.2,41.5
26.8,42.6
26.8,43.5
26.8,44
26.5,45.9
26.6,46.4
26.4,47.3
26.3,47.7
26.2,48.6
26,49.1
26.1,50.1
25.9,49.8
25.8,50.3
25.8,50.6
25.8,51.3
25.8,52.3
25.8,52.8
25.6,53.7
25.4,54.4
25.6,54.6
25.4,55.2
25.3,55.9
25.3,56.2
25.3,56.4
25.3,57.1
25.3,57.1
25.1,58
25.1,58.4
25.1,58.8
25.1,58.9
24.8,59.6
24.9,59.8
24.9,59.9
24.9,59.9
24.8,60.3
24.7,60.6
24.6,61.1
24.8,60.9
24.8,60.7
24.9,60.1
24.8,60.3
24.9,60
24.7,60.3
24.7,60.6
24.8,60.2
24.6,60.4
24.6,60.7
24.6,60.6
24.6,60.6
24.6,60.9
24.5,61
24.5,60.9
24.4,61.5
24.4,61.7
24.3,62
24.2,62.6
24.2,63.1
24.1,63.5
23.9,63.9
23.9,64.6
23.9,65.2
23.6,65.8
23.8,66.1
23.6,66
23.6,66.1
23.4,67.3
23.5,67.3
23.6,66.6
23.6,66.3
23.4,67.6
23.4,68.5
23.3,68.6
23.1,68.8
23,69.3
22.9,70.1
22.8,70.1
23,69.4
22.6,70.3
22.8,70.8
22.5,71.9
22.4,71.7
22.2,73.4
22.1,73.9
21.9,75.4
21.9,75.3
21.9,75.4
21.8,76.2
21.8,76.6
21.9,76.6
21.9,76.3
21.8,76.5
21.6,77.5
21.6,77.9
21.7,77.6
21.7,77
21.5,77.6
21.3,78.2
21.1,79.3
21.1,78.9
21.1,79.6
21.1,79.3
21.2,78.5
21,79.5
20.9,80
21.1,79.8
21,80.9
21.1,80.5
21.3,80.5
21.3,79.6
21.3,80.2
21,80.4
20.9,81.1
20.8,81.2
20.8,82
20.8,81.8
20.6,81.8
20.6,82.1
20.4,81.8
20.3,82.6
20.4,83.3
20.2,83.1
20.3,83.4
20.1,83.8
20.1,84.3
20.1,84.4
19.9,84.3
19.9,85.2
19.9,85.1
20.1,85.2
19.9,85.6
20,84.8
19.9,84.6
19.8,85.4
19.9,86.3
19.9,85.4
20.1,85.5
20.3,85.1
20.6,84.2
20.8,83.5
21,82.6
21.3,81
21.6,78.9
22,77.6
22.1,75.3
22.6,73.6
23.1,71.6
23.3,70
23.7,66.9
24.4,65
24.6,62.5
25.4,60.6
25.6,59.1
26,56.6
26.1,55.4
26.7,55
26.9,53.3
27.4,51.6
27.6,49.4
27.9,47.8
28.6,46.1
29,44.6
29.1,44.1
29.2,43.6
30.2,42.3
30.1,40.4
30.4,38.9
30.3,37.9
30.7,38.8
30.9,35.7
31.1,34.9
30.8,36.4
31.1,34.3
31.8,34
33,32.3
32.1,31.8
31.9,29.3
33.3,28.9
31.8,29.1
33.5,27.3
33.2,26.6
34,25.9
33.1,24.9
33.3,24.6
34.2,24
34.1,24
34.5,23
35.6,22.4
35.4,22.3
34.1,22.3
35.9,21.5
35.6,21.8
35,21.2
36.4,18.6
36.9,20.9
36.4,18.3
36.4,18.4
37.6,18.2
36.9,18.1
35.6,18.5
36.4,18.1
37.4,17.5
36.6,17.4
37.7,14
38,16.3
36,16.9
37.6,13
35.4,16.4
37.8,14
38.7,13
38.3,13
39.3,12
36.2,13
38.3,14
38.3,13
37.1,11
39.2,11
39.1,12
37.3,11
39.1,11
36.4,11
38.4,11
37.9,10
38.1,11
39.6,17.7
35.3,27.7
35.4,29.6
36.6,27.4
36.9,27.2
38.4,27.5
35.3,31.5
33.8,33.1
34.6,33.8
33.3,33.9
33.9,34
36.2,32
35.3,30.8
36.5,29.5
35.6,31.6
36.3,30.5
36.1,28.7
35.4,30.8
36.2,28.8
35.8,28.5
35.1,28
35.5,29.3
35,27.1
33.8,30.1
34,29.6
34.3,30.3
32.9,31.8
33.5,27.7
33.9,29.7
33.5,30.9
33.9,30.4
33.1,30.6
32.5,30.4
32.1,29.9
32.1,30.5
32,31.3
31.7,33.1
31.8,33.1
31.6,36.3
31.6,37.1
31.3,37.5
31.1,39.8
30.8,41.2
30.2,42.1
30.5,41.8
30.6,40.8
29.9,41.9
30,42.3
29.5,43.4
29.2,43.3
29,43.8
28.6,45.1
28.3,46
28,47.4
27.8,47.8
27.6,48.6
27.3,49.3
27.3,49.4
27.1,49
27,49.8
26.8,50.4
26.8,50.3
26.6,50.7
26.6,51.1
26.5,50.8
26.3,51.4
26.3,52.1
26.1,52.3
26.1,53.1
26,54.2
25.8,55.7
25.7,56.1
25.7,56.7
25.6,57.4
25.6,57.8
25.5,58.2
25.3,57.8
25.4,57.2
25.3,56.5
25.3,55.8
25.3,55.2
25.1,55.8
25.1,55
25,54.9
24.9,54.7
24.9,55
24.8,55.5
24.7,55.7
24.4,56.6
24.6,56.3
24.4,57
24.6,56.5
24.4,56.8
24.4,56.8
24.4,56.8
24.2,57.8
24.3,57.7
24.5,57.6
24.9,57.2
24.9,57.5
24.9,57.4
24.8,57.8
24.8,57.8
24.8,57.8
24.8,57.9
24.6,57.9
24.5,58.5
24.6,57.9
24.3,58.7
24.4,58.6
24.4,58.8
24.5,58.4
24.5,58.3
24.6,58.2
24.5,58.2
24.4,58.4
24.3,58.9
24.1,59.3
24,59.9
23.9,60.4
23.9,60.3
23.7,61.3
23.5,61.8
23.7,62
23.6,62.5
23.5,62.7
23.5,62.8
23.5,63.3
23.3,63.6
23.2,64.4
23.1,64.8
23,65.4
23.1,65.8
22.9,66.2
22.9,66.6
22.9,66.6
22.9,67.1
22.8,67.6
22.8,67.7
22.8,67.9
22.7,68
22.6,68.6
22.5,68.9
22.4,69.2
22.3,70.5
22.2,70.8
22.1,70.8
22.1,71.1
21.9,71.8
21.9,72
21.9,72.5
21.8,72.5
21.8,73.5
21.6,73.5
21.8,71.7
21.4,74.7
21.6,72.4
21.5,70.9
21.1,73.3
20.9,76.1
21,73.9
21,73.8
20.9,74.6
21.1,72.6
20.8,72.8
20.1,76.3
20,77.4
20.6,76.5
20.7,75.7
20.9,74.8
20.8,76.2
20.6,76.1
20.7,76.7
20.9,74.8
20.5,77.8
20.4,78.8
19.9,80.1
19.6,81.4
19.4,82.3
19.6,82.7
19.7,83.1
19.9,82.3
19.9,82.8
19.9,83
19.9,82.1
19.8,81.6
19.6,82.5
19.9,82.1
19.7,81.9
19.8,81.5
19.7,83.4
19.4,83.3
19.3,84.3
19.1,84.5
19.5,82.4
19.1,80.9
19.1,80
19.1,82.4
19.1,80.2
18.9,82.4
19.1,82.2
19.3,83.8
19.7,84.3
20.3,83.8
20.6,82.6
21,80.9
21.5,79.2
21.8,76.6
22.3,75.3
22.6,72.6
23.1,70.7
23.4,67.9
23.6,66.6
24.1,63.5
24.9,63.1
25.1,60.3
25.4,58.1
25.7,57.4
26.6,55.1
26.9,53.4
27,52.1
27.6,50.3
27.4,50.1
28.2,48.8
27.9,47.1
28.9,45.8
28.5,46
29.1,44.3
29.5,42.9
29.4,42.6
30.4,41.3
29.8,40.2
30.7,38.9
30.9,38.7
31.1,37.6
31.8,35.8
31.4,37.3
32.3,35.7
31.6,35.3
30.8,35.4
32.3,33.8
32.3,32.4
32.9,31.9
32.5,33.8
32.3,33.1
33.8,27
34.1,26.8
34.5,25.8
33.4,24.8
34.8,25.1
33.9,25.1
34.7,23.9
35.3,23.4
36,22.8
35.3,22.4
37.2,22.2
36.5,21.9
37.6,21.6
36.4,22.9
34.6,22.4
35.6,22.3
37.1,20.7
36.2,21.1
34.6,21.3
35.7,22.1
36.2,18.8
34.2,22.3
36.1,19.9
35,22.6
36.4,19.8
37.6,18
37.9,18
36.2,19.7
34.8,19.6
34.6,20.2
36.9,18.1
36.8,18.1
35.5,18.9
33.2,19.5
33.8,21.5
35.5,19.1
34.9,18.6
37.8,18.1
37.8,16.7
38.3,17.8
36.9,17.6
38.6,17.7
38.1,16.8
35.2,21.9
34.1,24.3
34.1,27.6
34.5,29.8
34.9,28.9
34.1,30.8
35.8,29.6
34.4,29.3
35.2,28.9
33.6,31.7
33.1,32.6
33.4,32.7
33.3,32.8
33.8,32.6
33.8,30.8
34.8,29.7
34.6,29.9
32.3,34.3
33.3,34
32.2,36.4
32.3,36.2
32.6,36.3
32.1,36.3
31.4,37.5
30.6,39.4
30.6,40.2
32.1,38.1
31,38.6
32.7,37.4
32.1,37.7
31.4,38.7
31.5,38.9
31.1,39.7
32.1,38
31.9,37.4
31.6,38.6
31.3,39.4
31.4,38.5
30.2,41.9
30.3,41.9
30,41.4
30.1,41.7
29.6,42.3
29.6,43.1
29.1,45.1
28.9,45.1
28.3,44.4
28.4,43.1
28.2,44.9
27.8,46.2
27.8,47.6
27.7,48.6
27.7,50.3
27.8,49.8
27.4,51.1
27.4,51.3
27.3,51.8
27.1,52.1
27,52.4
26.8,53.3
26.8,54
26.4,55.3
26.3,56.1
26.1,57.1
25.9,57.8
25.7,59.3
25.8,59.6
25.6,60.9
25.6,60.8
25.5,60.4
25.4,61.1
25.4,61.1
25.4,61.3
25.3,61.5
25.3,61.6
25.3,61.1
25.3,60.4
25.3,60.6
25.1,61.3
25.2,60.8
25.1,61.4
25,62.4
24.9,62.9
24.9,63.5
24.7,64.4
24.8,65.1
24.6,66
24.8,66.4
24.8,66.4
24.8,67.1
24.8,67
24.7,67.7
24.5,68.1
24.4,69.4
24.4,70.6
24.3,70.8
24.3,71.7
24.2,71.8
24.3,72.1
24.2,72.9
24.2,72.6
24.1,72.6
24.1,72.8
24.3,72.9
24.1,73.1
24.1,73.4
24,73.5
24,73.6
24,73.8
24.1,73.8
24.1,73.8
24,73.8
24,74
24,74.2
23.9,73.9
23.8,74.3
23.8,74.3
23.8,74.6
23.9,74.8
23.9,74.5
24,74.1
24.1,73.7
23.9,73.8
24.1,73.8
24.1,73.5
24.1,73.6
24.1,73.8
24,73.7
24.1,73.5
24,73.7
24.1,73.4
23.9,73.9
23.9,74
23.9,73.9
23.9,73.9
23.9,73.8
23.9,74.3
23.9,73.8
23.8,74
23.8,73.6
23.7,74.1
23.9,72.3
23.4,74.1
23.4,74.1
23.4,74.4
23.2,74.8
22.9,75.2
22.8,75.7
23,76.3
22.8,76.8
23.1,74.4
22.9,77.1
23.2,76.3
23.2,75.4
22.8,76.9
23.1,76.1
22.8,77.2
23.1,76.6
22.8,76.5
22.6,78.2
22.7,76.6
22.5,76.4
22.3,78.7
22.2,79.4
22.1,79.7
22.1,79.6
22.3,78.8
22.4,78.3
22.3,78.1
22.1,78.8
22,79.8
21.9,80.9
21.9,79.2
21.9,79.5
21.9,79.7
21.7,81.1
21.6,81.3
21.4,82.4
21.6,81.6
21.8,79.6
21.4,81
21.1,84
21.1,84.1
21.5,81.1
21.4,81.1
21.4,82.8
21.5,83.1
21.5,83.3
21.5,83.1
21.7,82.3
21.7,81.5
21.8,81.8
21.8,81.4
21.8,81.1
21.8,81.3
21.8,81.2
21.9,80.7
21.9,80.3
21.9,80
22,80.2
22.1,79.3
22.2,79.3
22.3,78.4
22.4,77.8
22.6,76.9
23,75.4
23.1,74
23.4,73.2
23.6,71.7
23.6,70.6
23.8,69.6
24.1,68.8
24.2,67.9
24.5,66.9
25,66.3
25.4,64.6
26.1,61.8
25.7,62.5
25.8,61.6
25.9,61.2
26,60.8
26.2,60.2
26.6,59.3
26.4,59.2
27,57.9
27.2,57.3
27.5,56
27.3,55.3
27.8,54.3
27.8,53
28.3,51.7
27.9,51.6
28.7,50.9
28.6,49.8
28.8,48.6
28.9,49.1
29.3,48.5
29.8,46.8
29.4,46.3
30.3,44.4
30.8,41.1
31.9,38.9
31.3,37.4
31,37.8
32.3,35.8
32.8,34.1
33.2,33.3
32.6,32.9
33.8,29.5
33.1,30.6
33.1,31.3
33.6,28.9
34.8,25.4
34,26.6
34.8,26.1
35.4,25.6
34.5,26.2
33.9,26.2
34.1,27.1
33.7,27.9
34.8,26.4
35.8,25.6
34.8,24.5
34.1,25.8
36.6,24.1
35.9,23.3
36.4,23.1
35.6,23.3
35.2,23.8
34.7,23.6
35.6,23.2
35.8,23.3
36.5,22.3
37.8,21.6
35.9,21.7
37.2,21.4
36.3,19.9
36.3,22.3
34.6,22.6
35.4,22.1
35,22.4
35.2,22.3
34.5,22.1
34.9,22.3
35,22.1
34.2,22.6
34.4,21.7
34.4,22.2
35.1,21.3
35.3,21.9
34.8,21.2
35.1,21.2
34.9,21.8
35.6,21.1
34.9,21.5
35,21.6
35.8,21.2
35.4,21.3
34.9,22.4
35.3,21.9
35.8,21.1
36.6,19.3
36.4,18.3
35.9,18.8
36.6,18.3
37.1,25.4
37.9,23.9
36.1,24.9
37.1,26.3
35,29.6
34.4,29.8
33.6,33.4
33.3,33.1
34.1,32.6
35,32.3
33.9,32.3
33.4,33
33.1,33.9
33,34.9
32.6,36.6
33.6,35.8
32.9,36.8
32.2,37.6
31.3,39.4
32.6,38.3
31.9,39.1
31.6,38.8
31.7,39.1
31.3,40.3
30.6,43.1
30.9,42.4
30.6,43.8
30.3,44.6
30.4,44.9
27.8,60.8
26.2,67.8
25.4,71.9
25.6,70.6
26.2,71.5
25.6,71.9
25.7,71.6
24.9,76.2
24.9,79.1
24.5,82
25.6,77.9
24.4,82.9
24.2,81.1
23.7,84.6
22.9,88.1
22.6,90
22.3,92.8
22.5,93.4
22.6,92.4
22.4,92.3
22.6,92.3
22.9,90.6
22.8,90.7
22.8,92.6
22.9,93.1
22.6,94.3
22.8,93.9
22.9,93.3
22.9,93.8
22.9,93.4
23,92.6
23.1,92.6
22.8,92.8
23.2,92.9
23.1,92
22.8,93.9
23.1,94.9
23.3,94.4
23.5,92.8
23.4,92.6
23.3,93.9
23.5,93
23.6,92.1
23.1,93.7
23.3,94.5
23.4,93.9
23.2,94.6
22.8,93.6
22.7,92.8
22.3,93.6
22.7,93.5
22.8,91.8
22.7,91.3
22.9,92
22.6,92.8
22.4,94.9
22.5,95.3
22.4,94.8
22.6,94.9
22.6,94.6
22.7,93.5
22.3,94.3
22.3,94.1
22.3,95.3
22.3,95.7
22.5,95.6
22.3,95.6
22.3,95.8
22.3,96
22.3,96.2
22.3,96.4
22.4,96.4
22.4,96.1
22.4,96.4
22.5,96.2
22.3,96.1
22.3,96.1
22.5,96.6
22.6,96
22.4,96.4
22.5,96.3
22.4,96.8
22.3,96.6
22.5,97.5
22.6,97.5
22.4,96.6
22.4,96.3
22.5,96.3
22.4,96
22.4,96.1
22.3,95.9
22.3,96.1
22.3,96.9
22.3,97.1
22.3,97
22.3,97.4
22.3,97.4
22.3,97.4
22.2,97.1
22.3,96.9
22.3,96.6
22.1,96.6
22.1,97.1
22.1,97.2
22.2,97.1
22.1,96.1
22,96.1
21.9,95.9
21.9,95.8
21.9,95.4
21.9,95.2
21.8,95.5
21.8,95.5
21.9,95.2
21.9,95.4
21.7,95.3
21.6,95.3
21.5,95.6
21.6,95.2
21.7,95.4
21.7,95.1
21.5,95.3
21.6,95.2
21.6,94.8
21.7,94
21.8,93.9
21.6,93.9
21.4,94.4
21.4,94.6
21,94.9
20.9,95.7
20.8,95.8
20.8,95.9
20.6,95.9
20.6,96.6
20.6,96.7
20.5,96.7
20.4,96.8
20.3,97.3
20.3,97.4
20.3,97.8
20.3,98.1
20.3,98.3
20.5,98.1
20.5,97.5
20.5,96.5
20.4,96.1
20.4,96
20.3,96.3
20.4,97.3
20.4,97.8
20.4,97.6
20.4,98.1
20.6,98.5
20.7,98.3
20.9,97.9
21.1,96.8
21.3,95.9
21.5,95.2
21.6,94
21.9,92.8
22.2,91.6
22.6,90.8
22.8,87.8
23.1,86.1
23.3,84.6
23.5,83.4
23.8,82.1
24.3,79.9
24.7,79.5
24.8,76.3
25.1,74.1
25.4,72.1
25.6,71.3
25.9,68.3
26.1,67.3
26.2,66.3
26.4,65.6
26.8,64.8
26.9,61.2
27.4,63
27.4,58.9
27.7,58.9
27.9,55.3
28.5,59.1
28.7,55
28.8,52.4
28.9,50.3
29.5,52.1
29.9,49.6
29.6,47.3
30.3,44
30.2,44.5
30.8,45.5
31.5,42.3
30.9,36.4
31.8,35.9
32,35.3
32.3,35.2
32.7,32.3
33.2,34.5
32.4,28.8
33,29.4
32.4,31.3
33.3,30.9
33.8,25.9
34.6,25.6
34.1,26.7
34.8,24.6
34.8,23
35.2,22.6
35.2,22.3
34.9,21.9
35.2,22.4
35.1,21.2
35.9,19.9
36.4,20.9
35.9,18.4
36,18.3
36.4,18.3
37.8,19.6
36.9,18.6
37.6,17.8
37.9,17.9
37.4,18.1
37.5,16.9
37.3,17.9
37.4,16.8
36.8,14
37.8,16.7
38.1,17.6
38.7,16.8
38.4,16
38.3,15
37.4,14
38.7,17.1
38.9,14
38.8,14
38.9,16.4
38.9,13
38.4,12
38.6,13
38.5,13
38.6,14
39.1,13
38.4,12
39.1,12
39.5,11
37.4,14
36.2,15.6
37.4,14
39.4,13
38.5,13
38.6,11
36.9,14
39.4,14
38.8,12
37.4,12
38.1,11
37.3,13
38.9,12
36.3,14
34.8,15.3
35.3,15.3
37.3,14
37.8,14
37.4,16.4
36.4,14
36.1,13
35.2,14
34.9,18.2
34.8,32.4
35.1,32.5
34.7,33
34.4,33.5
33.4,34.7
33.4,35.3
32.8,34.9
33.3,33.9
32.9,34
32.3,35.1
32.3,35.6
31.6,36.3
31.9,37.4
31.3,38
30.8,38.4
30.9,39.9
30.6,40.1
30.5,41.1
30.4,40.7
30.1,41.1
30.1,41.4
29.9,41.5
29.4,42.1
29.2,41.6
29,42.1
28.7,42.9
28.6,41.4
28.3,41.4
28.1,42.9
27.8,43.4
27.6,44.8
27.3,46.1
27.1,48.3
27.1,49.5
27,50.7
26.8,52.8
26.6,52.9
26.5,53.8
26.6,53.9
26.4,54.9
26.3,55.6
26.1,56.6
26.1,57.6
26,58
25.9,58.8
25.9,59.4
25.6,60.3
25.6,60.4
25.7,60.5
25.4,61.3
25.6,61.5
25.4,62.4
25.4,62.7
25.4,63.4
25.2,64.3
25.2,64.3
25.1,64.8
24.8,65.6
25,65.4
24.9,65.9
25.1,65.2
24.8,66.1
24.9,65.6
24.6,65.9
24.7,66.1
24.6,66.6
24.5,66.8
24.4,66.9
24.3,67.9
23.9,68.6
23.9,68.9
23.6,69.6
23.7,70.2
23.6,69.8
23.4,70.6
23.5,69.6
23.6,70.2
23.1,71.7
22.7,72.6
22.9,72.1
22.8,72.6
22.4,73.1
22.8,72.1
22.7,71.3
22.9,67.8
23,66.1
22.8,65.1
22.7,65.3
22.4,65.8
22.7,62.6
22.4,61.3
22.8,58.5
22.7,57.8
22.5,57.7
22.4,57.9
22.4,57.7
22.3,57.4
22.1,58.4
22.3,57.1
22.1,59.1
22.3,58.3
22.2,59.8
22.1,60.6
21.9,61.2
21.8,62.3
21.6,63.7
21.8,63
21.3,65.4
21.1,66.6
20.9,67.4
20.9,67.7
20.8,68.8
20.8,68.9
20.6,69.7
20.7,70.8
20.6,71.8
20.4,72.5
20.2,73.7
20.1,73.9
19.8,75.1
19.8,75.3
19.6,76.9
19.6,76.7
19.6,75.6
19.7,75.6
19.8,76.4
19.3,78.8
19.1,80.4
19.1,81.1
18.9,80.4
19.1,80.4
19.2,80.1
19.3,80.4
19.3,80.7
19.2,80.9
19.2,80.6
19.3,79.9
19,81
18.9,81.9
19,81.6
19,81.7
19.1,81.9
18.9,82.1
18.9,82.5
18.8,82.5
18.7,82.8
18.4,83.9
18.4,83.4
18.6,81.9
18.4,83.5
18.4,82.9
18.2,83.3
18.5,82.2
18.1,83.8
17.9,85.1
17.9,85.4
17.8,86.5
17.8,84.9
18,85.6
17.8,84.1
17.8,85.4
17.9,88.3
17.8,88.7
17.8,89.3
17.8,89.6
17.9,90.8
17.9,90.6
18.1,90.6
18,90.5
18.1,91.7
18.4,91.8
18.6,91.4
18.8,91
19.2,90.6
19.6,89.2
20,87.6
20.4,85.5
20.9,84.3
21.1,82.1
21.4,79.9
21.9,78.6
22.2,76.9
22.7,74.9
22.9,71.3
23.3,70
24.2,67.6
24.3,65
25,64.4
25.8,62.4
25.7,60.9
26.2,58.4
26.1,59.1
26.6,56.7
27.1,55
27.6,54.2
27.9,52.4
28.6,50.5
29.8,48.6
29,48.1
29.3,46.1
29.6,45.1
30.3,43.6
30.1,43.6
30.7,40.5
30.7,40.3
30.9,40.5
32.1,38.6
31.4,38.6
32.3,37.3
32.9,36.3
32.3,33.5
32.9,32.7
32.9,32.8
32.9,33.1
33.6,32.7
33.5,32.1
34.6,30
34.3,29.7
34.4,29.2
35.1,28.1
35.2,27.8
35.8,26
35.6,26.1
36.3,24.3
36.1,23.2
36.7,23.1
36.9,21.9
37.4,20.6
35.9,22
37.1,20.6
37,18.1
34.3,18.7
35.5,18.7
36.8,20.9
36.7,19.9
37.4,18
38.2,17.8
37.2,17.9
38.7,17.6
37.1,17.9
37.8,17.8
38.3,17.7
38.8,17.6
38.1,16.9
38.3,17.6
35.9,18.1
35.5,18.1
36.7,17.9
38.8,17.2
36.6,17.6
37.4,17.9
37.6,16.9
38.6,16
38,17.6
39.9,17
40.4,16.9
39.9,16.7
37.5,16.4
37.6,15.2
38.3,15
39.9,12
39.9,12
39.4,13
39.2,14
36.3,16.2
36.4,16.7
38.8,14
36.9,14
39.3,13
38.4,14
37.8,14
39.1,14
37,13
36.7,12
36.6,12
39.1,11
39.5,10
39.1,7
39.6,7
39.5,7
40.1,7
39.7,8
36.9,8
36.2,11
36.4,12
37.7,12
37.1,12
36.2,24.2
36.6,28.6
34.4,32
33.5,33.4
33.3,34.8
33.2,35.4
33.6,34.6
33.5,33.8
33.4,35.4
33.6,34.2
33.9,34
33,35.3
32.8,35.9
32.1,37
32.2,37.1
32.1,37.4
32.3,37.1
32.3,37.5
31.9,38.1
31.6,39.9
31.3,41.3
31,42.1
30.8,42.9
30.6,43.4
30.3,43.7
30.1,43.6
29.8,44.1
29.8,44
29.4,45.1
29.3,45.4
29.2,46.4
28.9,47.6
28.8,48.5
28.8,49.2
28.7,50.3
28.4,51.4
28.4,51.9
28.2,53.2
27.9,55.1
27.6,57.4
27.4,59.1
27.3,60.5
27.3,61
27.4,61.1
27.1,62.1
27.2,62.1
27.3,62.6
27.2,63.7
27,63.9
27.1,64.2
27,64.3
26.9,63.9
27,63.4
26.8,64.1
26.8,63.8
26.8,63.8
26.8,63.6
26.5,63.4
26.3,64.5
26.4,63.1
26.2,62.3
26.3,61
26.4,59.4
26.6,54.4
26.5,50.4
26.5,47.4
26.7,44.2
26.7,42.2
26.6,41.8
26.7,40.6
26.6,40.5
26.6,39.9
26.5,40.3
26.3,41.6
25.9,42.8
25.5,43.6
25.7,42.6
25.7,42.8
25.6,43.1
25.9,43.7
26.3,44.4
26.1,45.4
26.1,45.8
26,46.1
25.8,46.5
25.4,47.3
25.3,47.8
25.4,47.8
25.2,49.3
25.2,49.7
25.1,50.3
25,51.2
25,51.6
24.8,52.8
24.8,54
24.6,54.8
24.6,55.1
24.4,55.3
24.6,56.1
24.5,56.2
24.4,56.6
24.1,57.5
24,58.4
24.1,58.1
24.1,58.8
23.9,59.4
23.5,60.4
23.8,59.6
23.5,61
23.4,61.6
23.2,62.6
23.1,62.9
22.8,64.3
22.7,64.8
22.3,65.3
22.4,66.1
22,66.5
22.3,65.8
22.6,63.8
22.4,65.1
22.1,67.6
21.9,68.4
22.1,68.4
22.4,67.1
22.1,68.6
22,69.9
21.8,69.3
21.6,71.4
21.9,70.7
21.3,70.9
21.3,72.8
21.1,70.8
21.5,70.9
21.3,73.2
21.2,73.9
21,75.5
21,74.1
21,75.6
21.3,75.3
21.3,74.9
21.2,76.8
21.2,75.6
20.9,76.4
20.9,78.3
20.9,77.3
21.2,76.3
21.1,75.9
21.2,75.8
20.6,77.6
20.8,80.2
20.8,80.8
20.9,80.8
20.8,81.3
20.7,81.4
20.7,81.8
20.6,81.7
20.8,81.7
20.6,82.4
20.5,82.7
20.6,82.4
20.6,82.7
20.6,83.2
20.5,83.3
20.4,82.8
20.7,82.8
20.6,83.2
20.6,82.8
20.6,83.3
20.8,83.4
21,82.8
21.1,82.9
20.9,83.8
21,83.3
21.2,82.6
21.4,82.3
21.5,81.7
21.6,81.8
21.8,81.8
21.9,81.1
22.6,79
23,76.9
23.4,74.5
23.8,73.9
23.9,73
24.1,73.1
24.4,72.1
24.8,70.9
24.9,70.5
25.9,67.4
26.8,64.8
26.4,64.3
26.9,63.3
27.8,59.9
28.4,59.1
28.3,57
29.1,55.2
28.2,57
28.5,56.5
28.9,56.1
28.5,54.6
29.3,52.9
29.9,51.8
30.8,50.3
30.4,49.9
30.1,49.8
30.2,48.8
30.3,48.6
30.1,48.8
30.4,47.4
31.4,46.2
30.9,45.6
31.8,44.1
32.3,41.5
33.3,37.6
32.7,38.2
32.1,38.8
32.1,39.8
32.3,38.3
32.4,38.9
32,38.4
33.1,37.8
32.9,37.4
33.9,34.6
34.1,34.4
33.6,34.8
32.7,35.1
32.9,35.5
33.5,33.8
33.1,33.3
34.6,32
34.3,31.1
33.6,31.6
33.5,32.6
34.3,32.1
33.9,32
33.3,32.3
33.8,31.6
33.8,31.5
34.8,30.1
35,29.9
34.9,28.8
34.8,28.9
34.8,30.1
35.7,28.2
35.1,27.4
35.8,26.8
36.8,25.1
37.1,23.3
35.6,23.3
35.6,23.3
35.4,22.5
36.4,23.3
36.1,23.3
36.4,22.3
36.1,22
35.7,22.4
35.4,22.7
36.7,22.3
36.8,22.2
36.9,21.6
35.3,24.3
36.1,22.3
36.1,21.8
35.1,22.9
36.8,22.2
36.4,21.8
35.3,21.9
37.1,21.8
37.5,20.8
36.3,21.1
35.9,21.8
35.6,21.9
35.8,21.9
36.3,20.9
37.4,21.6
38.6,20.3
38.1,18.1
37.3,17.9
37.9,17.8
37,17.9
35.7,18.1
36.7,18.9
36.8,19.2
35.7,19.6
36.6,18.6
35.7,18.9
36,18.1
36.5,17.9
35.7,19.3
35.6,21.1
35.6,18.3
34.9,19.9
35.6,19.4
34.7,28.3
33.6,33.8
33.1,36
32.9,37.6
33.1,37.3
33.3,37.3
33,37.2
32.3,38.4
32.3,38.6
31.7,39.8
31.9,39.7
31.6,39.9
30.8,42.4
30.9,43.1
30.7,43
30.4,43.9
30.4,44.3
30.3,44.5
30,45.1
29.9,45.8
29.6,46.8
29.6,47.1
29.3,47.8
29,48.9
28.9,48.8
28.6,49.6
28.5,50.2
28.4,50.2
28.4,50.6
28,51.9
27.9,52.5
28,53.1
27.7,54.3
27.7,54.9
27.8,55.2
27.8,55.2
28.1,54.7
27.4,49.4
26.9,50.2
26.5,51.9
26.4,52.4
26.1,53
26.2,52.8
25.8,54.6
25.8,55
26,54.8
25.6,55.5
26.1,55.9
26.3,56.9
26.2,57.5
26.2,58.1
26.1,59.4
25.8,59.8
25.8,60.9
25.6,61.9
25.4,62.9
25.7,62.1
25,64.6
24.6,65.2
25.4,62.6
24.3,67
24,69.2
23.6,70.3
24.4,67.3
24.4,66.9
24.3,67
24.2,66.6
23.8,68.1
24.1,67.5
24.1,66.1
24,67.1
23.9,68.3
23.3,70.1
23,71.9
23.5,68.1
22.4,74.4
22.1,76.1
22.2,75.9
22.9,72.5
22.9,71.5
23.3,71.1
23.3,70.8
22.6,72.8
23,72.2
23.1,70.9
22.3,73.4
22.4,74.6
22.4,74.5
21.9,74.9
21.9,75.9
22.1,74.3
22.1,75.3
22.2,75.4
21.7,76.3
21.9,76.8
22.3,76.3
22,76.8
22.3,76.6
22.1,77.4
22.2,76.8
21.9,77.6
21.9,78.5
22,78.6
21.9,79.3
21.9,79.5
21.9,80
21.9,80.5
21.8,80.6
21.8,80.4
21.6,79.8
21.8,78.7
21.6,80.1
21.4,81.3
21.2,82.3
21.5,79.9
21.1,82.1
21.3,81
21.2,81.8
21.4,80
21.3,79.9
21.3,78.9
21.3,78.4
20.8,82
20.9,78.5
19.9,84.4
20.5,82.6
19.8,82.6
19.7,84.5
19.8,84.2
20.2,82.4
20.3,82.1
20.3,81.9
20.4,81.3
20.4,79.9
19.9,81.2
19.6,83.1
20,83.2
19.8,83.7
19.8,83
19.8,80.8
19.7,81.2
19.4,83.9
19.5,83.9
19.7,83.2
18.9,86.8
19.2,84.8
19.3,85.3
19.4,83.9
19.4,83.6
19.4,82.3
19.5,81.6
18.6,84.9
18.7,86.8
18.9,84.4
18.4,85.1
18.7,84.4
18.8,84.3
19,87.3
18.9,86.3
18.6,88.9
19,90.2
19,91.1
19.1,91.8
19.1,91.8
19.4,91.4
19.4,90.8
19.7,90.3
19.6,89.8
20.1,90.1
20.1,89.3
20.5,88.7
20.8,87.5
21.3,86.4
21.8,84.5
22.1,81.9
22.5,80.1
22.9,78.9
23.3,76.4
23.6,75.3
24.1,74.1
24.8,72.6
25.3,71.1
25.6,68.6
25.8,67.9
26.4,65.6
26.6,63.7
27,63.3
27,61.8
27.7,60.6
27.8,58.9
28.6,57.1
28.5,56.3
28.7,54.9
29.8,53.3
29.5,51.3
29.2,51.8
29.9,51.6
30.3,48.5
30.2,48
30.5,47.4
31.1,46.9
30.9,45.1
31.3,43.2
30.9,44.9
31.3,42.3
32.6,40.1
31.9,39.3
32,38.6
32.2,35.9
32.7,36.9
33.4,34.8
33.2,35.1
33.7,33
34.1,31.2
33.9,30.8
34.5,29.1
35.1,28.4
35.9,26.9
