Fechas,Temp_Int,Temp_Ext
2017-03-24 14:51:34,33.46,31.1
2017-03-24 14:51:38,33.33,31.08
2017-03-24 14:51:43,33.32,31.08
2017-03-24 14:51:53,33.29,31.08
2017-03-24 14:51:58,33.26,31.1
2017-03-24 15:21:15,33.27,31.08
2017-03-24 15:51:22,36.4,32.54
2017-03-24 16:21:29,39.53,33.82
2017-03-24 16:51:37,37.58,34.52
2017-03-24 17:21:45,37.16,34.83
2017-03-24 17:51:52,37.12,34.84
2017-03-24 18:21:59,36.01,34.58
2017-03-24 18:52:06,35.41,34.36
2017-03-24 22:56:02,30.49,33.23
2017-03-24 23:26:09,30.37,33.26
2017-03-24 23:56:16,30.25,33.33
2017-03-25 00:26:24,30.1,33.3
2017-03-25 00:56:31,29.77,33.15
2017-03-25 01:26:39,29.14,32.97
2017-03-25 01:56:46,28.78,32.73
2017-03-25 02:26:53,28.86,32.43
2017-03-25 02:57:00,28.14,32.37
2017-03-25 03:27:07,28.56,32.4
2017-03-25 03:57:14,28.45,32.17
2017-03-25 04:27:21,27.8,32.17
2017-03-25 04:57:28,25.73,32.11
2017-03-25 05:27:35,26.83,31.82
2017-03-25 05:57:42,26.73,31.75
2017-03-25 06:27:50,26.56,31.65
2017-03-25 06:57:57,26.17,31.42
2017-03-25 07:28:04,27.32,31.08
2017-03-25 07:58:13,29.29,30.94
2017-03-25 08:28:20,30.7,31.26
2017-03-25 08:58:27,32.88,31.71
2017-03-25 09:28:34,33.16,31.97
2017-03-25 09:58:41,34.19,32.06
2017-03-25 10:28:48,37.11,32.66
2017-03-25 10:58:56,38.23,33.42
2017-03-25 11:29:03,39.66,33.97
2017-03-25 11:59:10,40.69,34.84
2017-03-25 12:29:18,41.25,35.4
2017-03-25 12:59:25,41.95,36.07
2017-03-25 13:29:32,42.51,36.42
2017-03-25 13:59:39,42.2,36.55
2017-03-25 14:29:47,43.25,36.74
2017-03-25 14:59:54,43.64,36.69
2017-03-25 15:30:05,45.07,36.82
2017-03-25 16:00:12,45.48,37.02
2017-03-25 16:30:19,43.73,37
2017-03-25 17:00:28,42.17,37.11
2017-03-25 17:30:35,40.94,36.96
2017-03-25 18:00:43,39.43,36.48
2017-03-25 18:30:50,37.24,36.22
2017-03-25 19:00:58,35.41,35.42
2017-03-25 19:31:05,34.74,35.04
2017-03-25 20:01:12,33.76,34.67
2017-03-25 20:31:21,33.8,34.54
2017-03-25 21:01:28,33.12,34.35
2017-03-25 21:31:35,32.89,34.28
2017-03-25 22:02:01,31.39,34.25
2017-03-25 22:32:11,32.06,34.31
2017-03-25 23:02:24,31.76,34.13
2017-03-25 23:32:31,30.69,33.94
2017-03-26 00:02:38,30.86,33.82
2017-03-26 00:32:46,30.36,33.78
2017-03-26 01:02:53,30.18,33.63
2017-03-26 01:33:00,30.29,33.45
2017-03-26 02:03:07,29.54,33.23
2017-03-26 02:33:14,29.43,33.12
2017-03-26 03:03:52,29.04,32.94
2017-03-26 03:34:05,28.68,32.81
2017-03-26 04:04:15,28.51,32.76
2017-03-26 04:34:35,28.2,32.68
2017-03-26 05:04:47,28.25,32.56
2017-03-26 06:36:00,28.06,32.49
2017-03-26 07:06:29,28.93,31.8
2017-03-26 07:36:50,29.64,31.72
2017-03-26 08:06:57,30.29,31.7
2017-03-26 08:37:04,31.49,31.91
2017-03-26 09:07:11,32.72,32.18
2017-03-26 09:37:19,34.64,32.79
2017-03-26 10:07:26,37.31,33.22
2017-03-26 10:37:33,39,34.18
2017-03-26 11:07:40,41.19,35
2017-03-26 11:37:47,42.72,36.07
2017-03-26 12:07:55,42.05,37.03
2017-03-26 12:38:02,44.01,37.32
2017-03-26 13:08:09,43.67,37.87
2017-03-26 13:38:16,42.75,38.16
2017-03-26 14:08:24,44.26,38.19
2017-03-26 14:38:31,43.79,37.83
2017-03-26 15:08:38,42.86,37.91
2017-03-26 15:38:45,43.64,37.97
2017-03-26 16:08:53,44.75,38.06
2017-03-26 16:39:00,43.5,38.08
2017-03-26 17:09:07,41.99,37.7
2017-03-26 17:39:14,39.43,37.38
2017-03-26 18:09:22,37.38,36.53
2017-03-26 18:39:29,35.99,35.99
2017-03-26 19:09:36,35.13,35.44
2017-03-26 19:39:43,34.16,35.06
2017-03-26 20:09:50,34.05,34.87
2017-03-26 20:39:57,33.05,34.74
2017-03-26 21:10:05,33.58,34.59
2017-03-26 21:40:12,33.23,34.65
2017-03-26 22:10:19,31.73,34.36
2017-03-26 22:40:26,31.76,34.25
2017-03-26 23:10:33,31.77,34.26
2017-03-26 23:40:41,31.82,34.31
2017-03-27 00:10:48,31.39,34.35
2017-03-27 00:40:55,30.96,34.18
2017-03-27 01:11:02,30.47,34.01
2017-03-27 01:41:09,29.98,33.91
2017-03-27 02:11:16,30.66,33.88
2017-03-27 02:41:23,30.33,33.85
2017-03-27 03:11:30,30.18,33.89
2017-03-27 03:41:37,30.26,33.79
2017-03-27 04:11:44,29.43,33.85
2017-03-27 04:41:51,29.16,33.68
2017-03-27 05:11:59,29.23,33.61
2017-03-27 05:42:06,28.65,33.53
2017-03-27 06:12:13,29.02,33.33
2017-03-27 06:42:20,28.78,33.48
2017-03-27 07:12:27,29.12,32.84
2017-03-27 07:42:34,29.67,32.68
2017-03-27 08:12:41,30.25,32.6
2017-03-27 08:42:48,32.57,32.62
2017-03-27 09:12:55,33.78,32.89
2017-03-27 09:43:03,35.04,33.13
2017-03-27 10:13:10,37.77,33.69
2017-03-27 10:43:17,39.15,34.61
2017-03-27 11:13:24,39.19,35.61
2017-03-27 11:43:31,41.11,36.17
2017-03-27 12:13:38,41.22,37.12
2017-03-27 12:43:46,41.85,37.19
2017-03-27 13:13:53,42.84,37.52
2017-03-27 13:44:00,42.89,37.72
2017-03-27 14:14:07,42.81,38.01
2017-03-27 14:44:15,43.76,37.98
2017-03-27 15:14:23,43.94,38.16
2017-03-27 15:44:30,45.09,38.16
2017-03-27 16:14:38,44.56,38.37
2017-03-27 16:44:45,42.74,38
2017-03-27 17:14:52,41.22,37.98
2017-03-27 17:44:59,40.16,37.57
2017-03-27 18:15:06,40.02,37.22
2017-03-27 18:45:15,38.91,36.96
2017-03-27 19:15:22,37.25,36.75
2017-03-27 19:45:29,36.28,36.46
2017-03-27 20:15:37,35.17,35.99
2017-03-27 20:45:44,34.46,35.5
2017-03-27 21:15:51,33.3,35.13
2017-03-27 21:45:58,33.24,34.87
2017-03-27 22:16:05,32.58,34.7
2017-03-27 22:46:13,32.48,34.61
2017-03-27 23:16:20,31.86,34.49
2017-03-27 23:46:28,31.72,34.36
2017-03-28 00:16:35,31.7,34.16
2017-03-28 00:46:42,31.55,34.08
2017-03-28 01:16:49,31.11,33.94
2017-03-28 01:46:56,30.78,33.89
2017-03-28 02:17:03,30.84,33.95
2017-03-28 02:47:10,31.48,33.92
2017-03-28 03:17:17,30.97,33.98
2017-03-28 03:47:24,31.03,33.91
2017-03-28 04:17:31,30.91,33.86
2017-03-28 04:47:38,30.77,33.75
2017-03-28 05:17:45,30.39,33.66
2017-03-28 05:47:52,29.73,33.46
2017-03-28 06:18:00,29.86,33.38
2017-03-28 06:48:07,30.06,33.23
2017-03-28 07:18:14,30.29,33.13
2017-03-28 07:48:22,30.66,33.02
2017-03-28 08:18:29,31.92,32.7
2017-03-28 08:48:36,33.26,33
2017-03-28 09:18:45,34.13,33.26
2017-03-28 09:48:52,36.16,33.51
2017-03-28 10:18:59,36.92,34.22
2017-03-28 10:49:06,39.19,35.1
2017-03-28 11:19:13,39.84,36.06
2017-03-28 11:49:20,41.73,36.85
2017-03-28 12:19:28,43.05,37.51
2017-03-28 12:49:36,43.11,38.04
2017-03-28 13:19:43,41.65,38.16
2017-03-28 13:49:54,43.01,38.38
2017-03-28 14:20:01,42.62,38.1
2017-03-28 14:50:08,44.43,38.06
2017-03-28 15:20:15,45.26,38.35
2017-03-28 15:50:22,45.07,38.56
2017-03-28 16:20:30,44.73,38.99
2017-03-28 16:50:37,42.75,38.6
2017-03-28 17:20:44,41.76,38.28
2017-03-28 17:50:58,40.79,37.93
2017-03-28 18:21:05,39.92,37.32
2017-03-28 18:51:13,39.13,37.16
2017-03-28 19:21:20,38.04,36.88
2017-03-28 19:51:27,37.11,36.58
2017-03-28 20:21:34,36.05,36.35
2017-03-28 20:51:41,34.42,35.8
2017-03-28 21:21:49,33.57,35.42
2017-03-28 21:51:56,32.86,34.98
2017-03-28 22:22:03,32.53,34.72
2017-03-28 22:52:10,32.04,34.47
2017-03-28 23:22:17,31.14,34.15
2017-03-28 23:52:24,30.81,33.94
2017-03-29 00:22:31,30.54,33.78
2017-03-29 00:52:38,29.43,33.61
2017-03-29 01:22:46,30.29,33.52
2017-03-29 01:52:53,29.7,33.51
2017-03-29 02:23:00,30.16,33.4
2017-03-29 02:53:10,29.4,33.42
2017-03-29 03:23:16,29.68,33.4
2017-03-29 03:53:24,29.46,33.42
2017-03-29 04:23:31,29.78,33.39
2017-03-29 04:53:38,30.19,33.49
2017-03-29 05:23:45,29.8,33.32
2017-03-29 05:53:52,28.87,33.19
2017-03-29 06:23:59,29.09,33.12
2017-03-29 06:54:06,28.68,32.86
2017-03-29 07:24:13,28.79,32.56
2017-03-29 07:54:20,30.66,32.6
2017-03-29 08:24:27,31.67,32.76
2017-03-29 08:54:34,32.48,32.91
2017-03-29 09:24:41,34.19,33.06
2017-03-29 09:54:48,36.12,33.36
2017-03-29 10:24:56,37.76,34.11
2017-03-29 10:55:03,38.83,34.95
2017-03-29 11:25:10,40.29,35.89
2017-03-29 11:55:18,41.25,36.85
2017-03-29 12:25:25,42.22,37.83
2017-03-29 12:55:32,42.55,38.16
2017-03-29 13:25:39,43.05,38.24
2017-03-29 13:55:46,42.86,38.86
2017-03-29 14:25:54,43.63,38.92
2017-03-29 14:56:01,44.77,39.19
2017-03-29 15:26:08,44.63,39.42
2017-03-29 15:56:16,45.09,39.56
2017-03-29 16:26:23,44.52,39.3
2017-03-29 16:56:30,42.58,38.94
2017-03-29 17:26:37,41.89,38.67
2017-03-29 17:56:46,41.29,38.53
2017-03-29 18:26:53,40.11,38.04
2017-03-29 18:57:00,39.39,37.83
2017-03-29 19:27:08,38.39,37.65
2017-03-29 19:57:15,37.21,37.22
2017-03-29 20:27:22,35.79,36.62
2017-03-29 20:57:29,35.17,36.36
2017-03-29 21:27:36,34.9,36.02
2017-03-29 21:57:43,33.23,35.66
2017-03-29 22:27:50,32.18,35.21
2017-03-29 22:57:58,32.37,34.88
2017-03-29 23:28:04,31.59,34.67
2017-03-29 23:58:12,31.82,34.58
2017-03-30 00:28:19,31.62,34.47
2017-03-30 00:58:26,30.69,34.28
2017-03-30 01:28:33,31.17,34.26
2017-03-30 01:58:40,31.36,34.19
2017-03-30 02:28:47,30.78,34.16
2017-03-30 02:58:54,30.09,34.06
2017-03-30 03:29:01,29.8,33.85
2017-03-30 03:59:08,30.08,33.82
2017-03-30 04:29:15,30.25,33.84
2017-03-30 04:59:22,29.91,33.79
2017-03-30 05:29:38,29.67,33.49
2017-03-30 05:59:45,30.1,33.51
2017-03-30 06:29:53,29.33,33.62
2017-03-30 07:00:00,29.17,33.38
2017-03-30 07:30:07,30.15,33.36
2017-03-30 08:00:14,30.88,33.26
2017-03-30 08:30:22,31.46,33.3
2017-03-30 09:00:29,32.37,33.29
2017-03-30 09:30:36,32.88,33.69
2017-03-30 10:00:43,36.56,34.22
2017-03-30 10:30:50,37.97,34.97
2017-03-30 11:00:57,38.37,35.9
2017-03-30 11:31:05,40.5,36.3
2017-03-30 12:01:12,41.07,37.47
2017-03-30 12:31:19,41.66,37.59
2017-03-30 13:01:26,42.89,38.7
2017-03-30 13:31:33,44.7,39.29
2017-03-30 14:01:41,42.2,38.9
2017-03-30 14:31:48,44.89,38.48
2017-03-30 15:01:55,45.89,38.89
2017-03-30 15:32:02,45.58,39.92
2017-03-30 16:02:09,45.81,40.03
2017-03-30 16:32:17,44.83,40.42
2017-03-30 17:32:34,42.34,39.38
2017-03-30 18:02:41,39.15,39.02
2017-03-30 18:32:48,37.68,38.06
2017-03-30 19:02:55,36.83,37.16
2017-03-30 19:33:03,35.79,36.81
2017-03-30 20:03:10,36.33,36.53
2017-03-30 20:33:18,36.45,36.52
2017-03-30 21:03:25,36.02,36.52
2017-03-30 21:33:32,35.32,36.4
2017-03-30 22:03:39,35.65,36.23
2017-03-30 22:33:46,35.44,36.06
2017-03-30 23:03:53,34.55,35.91
2017-03-30 23:34:00,33.24,35.83
2017-03-31 00:04:07,33.87,35.61
2017-03-31 00:34:14,33.12,35.43
2017-03-31 01:04:21,33.06,35.26
2017-03-31 01:34:28,33.17,35.17
2017-03-31 02:04:36,32.97,35.01
2017-03-31 02:34:43,33,34.94
2017-03-31 03:04:50,32.6,34.94
2017-03-31 03:34:57,32.66,34.84
2017-03-31 04:05:04,32.55,34.84
2017-03-31 04:35:11,32.17,34.71
2017-03-31 05:05:18,31.73,34.47
2017-03-31 05:35:26,31.45,34.38
2017-03-31 06:05:33,31.08,34.34
2017-03-31 06:35:40,31.32,34.23
2017-03-31 07:05:47,31.39,34.13
2017-03-31 07:35:54,31.57,34.13
2017-03-31 08:06:01,32.55,34.19
2017-03-31 08:36:08,33.41,34.42
2017-03-31 09:06:15,35.68,34.64
2017-03-31 09:36:22,36.69,35
2017-03-31 10:06:29,39.26,35.64
2017-03-31 10:36:37,40.57,36.98
2017-03-31 11:06:44,40.29,38.35
2017-03-31 11:36:51,43.09,38.23
2017-03-31 12:06:59,44.24,39.2
2017-03-31 12:37:07,42.12,39.42
2017-03-31 13:07:14,44.82,39.29
2017-03-31 13:37:22,44.33,39.03
2017-03-31 14:07:29,44.83,39.82
2017-03-31 14:37:36,45.62,39.75
2017-03-31 15:07:43,44.08,40.34
2017-03-31 15:37:50,41.93,39.29
2017-03-31 16:07:57,41.65,38.94
2017-03-31 16:38:04,39.63,38.96
2017-03-31 17:08:11,37.34,37.81
2017-03-31 17:38:18,37.42,37.49
2017-03-31 18:08:25,35.89,36.9
2017-03-31 18:38:32,34.32,36.39
2017-03-31 19:08:40,33.74,36.07
2017-03-31 19:38:47,32.3,35.73
2017-03-31 20:08:54,33.63,35.37
2017-03-31 20:39:01,33.39,35.11
2017-03-31 21:09:08,33.33,34.9
2017-03-31 21:39:15,33.22,34.83
2017-03-31 22:09:22,33.76,34.77
2017-03-31 22:39:29,33.95,34.87
2017-03-31 23:09:36,33.88,34.97
2017-03-31 23:39:43,33.88,35.03
2017-04-01 00:09:50,33.74,34.81
2017-04-01 00:39:57,33.41,34.72
2017-04-01 01:10:04,33.02,34.51
2017-04-01 01:40:11,33.1,34.45
2017-04-01 02:10:19,32.99,34.49
2017-04-01 02:40:26,32.71,34.44
2017-04-01 03:10:33,32.4,34.38
2017-04-01 03:40:40,32.41,34.38
2017-04-01 04:10:47,31.28,34.45
2017-04-01 04:40:54,31.26,34.36
2017-04-01 05:11:01,31.01,34.28
2017-04-01 05:41:08,31.08,34.16
2017-04-01 06:11:15,30.5,34.09
2017-04-01 06:41:22,30.63,33.81
2017-04-01 07:11:29,31.13,33.76
2017-04-01 07:41:37,32.11,33.86
2017-04-01 08:11:44,33.16,33.85
2017-04-01 08:41:50,34.43,33.97
2017-04-01 09:11:58,36.01,34.28
2017-04-01 09:42:05,37.35,34.65
2017-04-01 10:12:13,38.92,35.17
2017-04-01 10:42:21,41.45,36.95
2017-04-01 11:12:30,43.06,38.06
2017-04-01 11:42:37,43.97,39.16
2017-04-01 12:12:45,45.31,39.17
2017-04-01 12:42:52,45.29,39.45
2017-04-01 13:12:59,46.15,39.73
2017-04-01 13:43:07,44.69,40.87
2017-04-01 14:13:14,45.68,40.03
2017-04-01 14:43:21,44.79,40.47
2017-04-01 15:13:29,46.32,40.12
2017-04-01 15:43:36,45.95,39.83
2017-04-01 16:13:43,47.23,41.43
2017-04-01 16:43:50,45.16,41.06
2017-04-01 17:13:57,42.74,40.09
2017-04-01 17:44:05,42.74,39.82
2017-04-01 18:14:12,41.48,38.96
2017-04-01 18:44:19,40.35,38.74
2017-04-01 19:14:27,38.65,38.03
2017-04-01 19:44:34,37.85,37.57
2017-04-01 20:14:42,37.28,37.21
2017-04-01 20:44:49,35.96,36.9
2017-04-01 21:14:56,35.19,36.55
2017-04-01 21:45:03,35.58,36.3
2017-04-01 22:15:10,34.45,35.99
2017-04-01 22:45:17,33.6,35.74
2017-04-01 23:15:25,33.87,35.5
2017-04-01 23:45:32,33.22,35.3
2017-04-02 00:15:39,32.28,35
2017-04-02 00:45:46,32.71,34.78
2017-04-02 01:15:53,31.53,34.75
2017-04-02 01:46:00,31.7,34.65
2017-04-02 02:16:07,31.32,34.49
2017-04-02 02:46:14,31.45,34.42
2017-04-02 03:16:21,30.83,34.39
2017-04-02 03:46:28,31.31,34.36
2017-04-02 04:16:35,31.62,34.34
2017-04-02 04:46:42,31.31,34.28
2017-04-02 05:16:49,31.08,34.16
2017-04-02 05:46:56,30.64,34.12
2017-04-02 06:17:03,30.4,33.94
2017-04-02 06:47:11,30.71,33.84
2017-04-02 07:17:18,30.91,33.79
2017-04-02 07:47:25,31.56,33.91
2017-04-02 08:17:32,32.99,33.92
2017-04-02 08:47:39,32.72,34.11
2017-04-02 09:17:46,34.09,34.28
2017-04-02 09:47:53,33.97,34.59
2017-04-02 10:18:00,35.86,35.01
2017-04-02 10:48:07,38.04,35.64
2017-04-02 11:18:14,40.84,36.79
2017-04-02 11:48:21,41.9,38.37
2017-04-02 12:18:29,42.99,39.3
2017-04-02 12:48:36,43.13,39.72
2017-04-02 13:18:43,43.89,40.06
2017-04-02 13:48:50,44.73,39.36
2017-04-02 14:18:57,44.43,40.48
2017-04-02 14:49:05,46.32,40.61
2017-04-02 15:19:12,45.16,41.74
2017-04-02 15:49:19,45.44,41.28
2017-04-02 16:19:27,46.87,41.03
2017-04-02 16:49:35,44.83,40.74
2017-04-02 17:19:42,43.35,40.12
2017-04-02 17:49:49,41.96,39.4
2017-04-02 18:19:56,41.04,38.61
2017-04-02 18:50:03,39.37,38.21
2017-04-02 19:20:10,38.62,37.8
2017-04-02 19:50:17,37.24,37.35
2017-04-02 20:20:25,36.28,36.98
2017-04-02 20:50:32,35.07,36.49
2017-04-02 21:20:39,34.79,36.12
2017-04-02 21:50:46,33.83,35.86
2017-04-02 22:20:53,33.64,35.44
2017-04-02 22:51:00,32.93,35.24
2017-04-02 23:21:07,32.62,35.03
2017-04-02 23:51:14,32.41,34.88
2017-04-03 00:21:21,32.07,34.84
2017-04-03 00:51:30,31.62,34.77
2017-04-03 01:21:37,31.55,34.52
2017-04-03 01:51:44,31.75,34.52
2017-04-03 02:21:51,31.66,34.48
2017-04-03 02:51:58,30.74,34.36
2017-04-03 03:22:05,31.42,34.26
2017-04-03 03:52:12,31.29,34.01
2017-04-03 04:22:20,31.87,34.13
2017-04-03 04:52:27,31.48,34.15
2017-04-03 05:22:34,31.26,34.13
2017-04-03 05:52:41,31.57,34.13
2017-04-03 06:22:48,31.38,33.99
2017-04-03 06:52:55,31.11,33.82
2017-04-03 07:23:02,31.59,33.95
2017-04-03 07:53:09,32.61,34.02
2017-04-03 08:23:16,33.85,34.12
2017-04-03 08:53:24,36.28,34.48
2017-04-03 09:23:31,36.32,34.95
2017-04-03 09:53:38,37.63,35.39
2017-04-03 10:23:45,38.74,36.51
2017-04-03 10:53:52,41.51,37.85
2017-04-03 11:23:59,43.43,39.15
2017-04-03 11:54:11,45.41,40.51
2017-04-03 12:24:18,45.52,40.35
2017-04-03 12:54:25,47.7,40.57
2017-04-03 13:24:32,46.79,42.42
2017-04-03 13:54:39,46.92,41.28
2017-04-03 14:24:46,48.27,41.5
2017-04-03 14:54:54,49.67,42.35
2017-04-03 15:25:02,48.7,43.02
2017-04-03 15:55:09,48.18,43.28
2017-04-03 16:25:16,46.03,42.2
2017-04-03 16:55:23,46.06,41.43
2017-04-03 17:25:30,41.58,40.75
2017-04-03 17:55:37,31.33,39.32
2017-04-03 18:25:44,33.51,37.03
2017-04-03 18:55:51,33.34,35.83
2017-04-03 19:25:58,34.19,35.91
2017-04-03 19:56:05,34.83,35.83
2017-04-03 20:26:12,34.02,35.67
2017-04-03 20:56:19,33.3,35.7
2017-04-03 21:26:36,33.56,35.58
2017-04-03 21:56:43,32.3,35.37
2017-04-03 22:26:51,33.68,35.24
2017-04-03 22:56:58,33.53,35.24
2017-04-03 23:27:05,33.44,35.21
2017-04-03 23:57:12,33.23,35.21
2017-04-04 00:27:19,33.33,35.14
2017-04-04 00:57:26,33.07,35.06
2017-04-04 01:27:33,32.78,35.03
2017-04-04 01:57:40,32.58,34.94
2017-04-04 02:27:47,32.24,34.77
2017-04-04 02:57:54,32.31,34.64
2017-04-04 03:28:01,32.13,34.52
2017-04-04 03:58:08,32.13,34.51
2017-04-04 04:28:15,31.86,34.44
2017-04-04 04:58:22,31.57,34.38
2017-04-04 05:28:29,31.49,34.25
2017-04-04 05:58:36,31.8,34.25
2017-04-04 06:28:43,31.94,34.29
2017-04-04 06:58:50,32.11,34.35
2017-04-04 07:28:57,32,34.35
2017-04-04 07:59:04,31.56,34.29
2017-04-04 08:29:12,32.18,34.25
2017-04-04 08:59:19,34.12,34.35
2017-04-04 09:29:25,35.52,34.55
2017-04-04 09:59:32,34.22,34.88
2017-04-04 10:29:40,35.3,35.08
2017-04-04 10:59:47,36.88,35.68
2017-04-04 11:29:54,39.77,37.67
2017-04-04 12:00:02,40.28,39.12
2017-04-04 12:30:09,41.96,39.42
2017-04-04 13:00:16,41.31,40.98
2017-04-04 13:30:23,42.26,39.99
2017-04-04 14:00:30,42.76,40.68
2017-04-04 14:30:37,44.43,41.35
2017-04-04 15:00:44,43.76,42.59
2017-04-04 15:30:51,43.56,41.54
2017-04-04 16:00:59,45.37,41.7
2017-04-04 16:31:06,45.02,42.48
2017-04-04 17:01:13,44.15,40.81
2017-04-04 17:31:20,40.94,41.21
2017-04-04 18:01:27,38.38,40.32
2017-04-04 18:31:34,37.19,38.8
2017-04-04 19:01:41,35.72,37.25
2017-04-04 19:31:48,35.51,36.63
2017-04-04 20:01:55,36.03,36.25
2017-04-04 20:32:03,36.28,36.03
2017-04-04 21:02:10,35.34,35.93
2017-04-04 21:32:17,34.28,35.7
2017-04-04 22:02:24,34.15,35.3
2017-04-04 22:32:31,34.59,35.11
2017-04-04 23:02:39,34.26,34.77
2017-04-04 23:32:46,33.66,34.36
2017-04-05 00:02:53,33.39,34.29
2017-04-05 00:33:00,33.23,33.99
2017-04-05 01:03:07,32.69,33.76
2017-04-05 01:33:15,32.31,33.61
2017-04-05 02:03:22,32.23,33.63
2017-04-05 02:33:29,32,33.69
2017-04-05 03:03:36,32.27,33.65
2017-04-05 03:33:43,32.21,33.61
2017-04-05 04:03:53,32.14,33.56
2017-04-05 04:34:00,31.92,33.59
2017-04-05 05:04:07,31.96,33.63
2017-04-05 05:34:14,31.76,33.52
2017-04-05 06:04:21,31.99,33.49
2017-04-05 06:34:28,31.96,33.45
2017-04-05 07:04:35,31.83,33.56
2017-04-05 07:34:42,32.37,33.75
2017-04-05 08:04:49,32.65,33.42
2017-04-05 08:34:56,34.35,33.53
2017-04-05 09:05:03,35.76,33.78
2017-04-05 09:35:10,36.35,34.78
2017-04-05 10:35:25,39.84,37.45
2017-04-05 11:05:32,41.55,38.24
2017-04-05 11:35:39,42.68,40.03
2017-04-05 12:05:46,44.25,40.36
2017-04-05 12:35:53,45.09,41.38
2017-04-05 13:06:00,45.39,42.25
2017-04-05 13:36:08,45.83,43.39
2017-04-05 14:06:15,45.83,42.8
2017-04-05 14:36:36,47.49,43.54
2017-04-05 15:06:43,47.25,43.28
2017-04-05 15:36:50,49.27,43.61
2017-04-05 16:06:57,50.47,44.07
2017-04-05 16:37:04,45.62,43.11
2017-04-05 17:07:12,43.8,43.11
2017-04-05 17:37:19,41.72,42.1
2017-04-05 18:07:26,39.56,41.06
2017-04-05 18:37:33,38.44,39.8
2017-04-05 19:07:40,36.67,38.63
2017-04-05 19:37:47,36.66,37.94
2017-04-05 20:07:54,36.64,37.21
2017-04-05 20:38:01,35.78,36.51
2017-04-05 21:08:08,35.54,36.15
2017-04-05 21:38:15,34.37,36.19
2017-04-05 22:08:22,35,36.04
2017-04-05 22:38:29,34.73,35.91
2017-04-05 23:08:36,35.16,35.91
2017-04-05 23:38:43,34.97,35.67
2017-04-06 00:08:52,34.64,35.67
2017-04-06 00:38:59,34.18,35.51
2017-04-06 01:09:06,34.08,35.31
2017-04-06 01:39:13,33.7,35.27
2017-04-06 02:09:20,33.57,35.3
2017-04-06 02:39:27,33.29,35.24
2017-04-06 03:09:34,33.24,35.04
2017-04-06 03:39:41,32.44,34.91
2017-04-06 04:09:48,31.87,34.75
2017-04-06 04:39:55,31.53,34.52
2017-04-06 05:10:02,32.45,34.54
2017-04-06 05:40:10,32.06,34.54
2017-04-06 06:10:17,32.66,34.54
2017-04-06 06:40:23,32.38,34.62
2017-04-06 07:10:30,32.9,34.58
2017-04-06 07:40:38,34.09,34.77
2017-04-06 08:10:44,35.2,34.85
2017-04-06 08:40:51,35.11,35.06
2017-04-06 09:10:58,38.02,35.27
2017-04-06 09:41:08,37.01,36.2
2017-04-06 10:11:16,39.92,37.21
2017-04-06 10:41:23,40.15,38.44
2017-04-06 11:11:30,39.81,39.04
2017-04-06 11:41:37,41.61,38.96
2017-04-06 12:11:44,40.09,39.56
2017-04-06 12:41:52,40.45,39.35
2017-04-06 13:11:59,40.33,38.76
2017-04-06 13:42:06,38.64,39.38
2017-04-06 14:12:13,39.47,39.58
2017-04-06 14:42:21,40.92,39.04
2017-04-06 15:12:28,41.15,40.19
2017-04-06 15:42:35,40.77,40.6
2017-04-06 16:12:42,36.64,40.19
2017-04-06 16:42:49,35.71,38.21
2017-04-06 17:12:56,34.56,37.7
2017-04-06 17:43:03,33.23,36.33
2017-04-06 18:13:10,32.95,35.96
2017-04-06 18:43:18,31.5,35.4
2017-04-06 19:13:25,32.58,34.87
2017-04-06 19:43:32,31.76,34.58
2017-04-06 20:13:39,31.62,34.34
2017-04-06 20:43:46,31.84,34.18
2017-04-06 21:13:53,32.1,34.13
2017-04-06 21:44:00,31.1,34.13
2017-04-06 22:14:07,32.21,34.18
2017-04-06 22:44:14,31.69,34.06
2017-04-06 23:14:21,31.7,34.09
2017-04-06 23:44:28,32.18,34.19
2017-04-07 00:14:35,32.06,34.21
2017-04-07 00:44:42,31.73,34.16
2017-04-07 01:14:49,31.56,33.98
2017-04-07 01:44:56,31.94,33.97
2017-04-07 02:15:06,32.18,34.02
2017-04-07 02:45:13,31.7,33.94
2017-04-07 03:15:20,31.96,33.97
2017-04-07 03:45:27,31.55,33.98
2017-04-07 04:15:34,31.5,33.92
2017-04-07 04:45:41,30.93,33.92
2017-04-07 05:15:48,31.11,33.88
2017-04-07 05:45:55,30.56,33.75
2017-04-07 06:16:02,30.76,33.62
2017-04-07 06:46:09,30.66,33.59
2017-04-07 07:16:16,31.13,33.56
2017-04-07 07:46:23,31.04,33.53
2017-04-07 08:16:30,31.05,33.58
2017-04-07 08:46:37,30.64,33.49
2017-04-07 09:16:44,30.71,33.45
2017-04-07 09:46:51,30.77,33.48
2017-04-07 10:16:58,30.93,33.51
2017-04-07 10:47:05,31.5,33.68
2017-04-07 11:17:12,31.6,33.74
2017-04-07 11:47:19,33.36,33.68
2017-04-07 12:17:25,32.6,33.74
2017-04-07 12:47:33,33.22,33.61
2017-04-07 13:17:40,33.91,33.72
2017-04-07 13:47:47,33.64,33.78
2017-04-07 14:17:54,35.52,33.89
2017-04-07 14:48:01,35.78,34.13
2017-04-07 15:18:08,35.19,34.65
2017-04-07 15:48:15,37.32,34.7
2017-04-07 16:18:22,37.34,35.2
2017-04-07 16:48:29,34.5,35.3
2017-04-07 17:18:36,34.72,35.08
2017-04-07 17:48:44,34.12,34.84
2017-04-07 18:18:51,31.94,34.52
2017-04-07 18:48:58,31.52,34.05
2017-04-07 19:19:05,30.57,33.74
2017-04-07 19:49:11,29.68,33.66
2017-04-07 20:19:18,29.89,33.45
2017-04-07 20:49:25,29.68,33.33
2017-04-07 21:19:32,30.05,33.13
2017-04-07 21:49:39,30.27,33.12
2017-04-07 22:19:46,30.4,33.2
2017-04-07 22:49:53,30.57,33.25
2017-04-07 23:20:00,31.13,33.35
2017-04-07 23:50:07,31.13,33.48
2017-04-08 00:20:14,31.14,33.56
2017-04-08 00:50:21,31.33,33.53
2017-04-08 01:20:28,31.36,33.65
2017-04-08 01:50:35,31.08,33.78
2017-04-08 02:20:42,30.91,33.82
2017-04-08 02:50:49,31.17,33.82
2017-04-08 03:20:56,30.93,33.71
2017-04-08 03:51:03,30.25,33.59
2017-04-08 04:21:10,30.73,33.46
2017-04-08 04:51:17,30.59,33.43
2017-04-08 05:21:24,30.57,33.43
2017-04-08 05:51:31,31.15,33.53
2017-04-08 06:21:38,30.6,33.53
2017-04-08 06:51:45,31.17,33.71
2017-04-08 07:21:52,31.52,33.69
2017-04-08 07:52:04,31.05,33.51
2017-04-08 08:22:11,31.92,33.27
2017-04-08 08:52:18,31.92,33.15
2017-04-08 09:22:25,32.4,33.1
2017-04-08 09:52:32,33.91,33.32
2017-04-08 10:22:39,34,33.68
2017-04-08 10:52:46,34.43,33.82
2017-04-08 11:22:53,35.95,33.95
2017-04-08 11:53:00,38.17,34.36
2017-04-08 12:23:08,39.23,34.88
2017-04-08 12:53:15,38.23,35.42
2017-04-08 13:23:22,38.64,35.9
2017-04-08 13:53:30,39.19,36.46
2017-04-08 14:23:37,38.82,36.45
2017-04-08 14:53:44,38.78,36.69
2017-04-08 15:23:51,38.13,36.52
2017-04-08 15:53:58,39.13,36.99
2017-04-08 16:24:05,38.75,37.11
2017-04-08 16:54:16,36.98,36.99
2017-04-08 17:24:23,38.3,37.36
2017-04-08 17:54:30,35.58,36.79
2017-04-08 18:24:38,34.16,35.93
2017-04-08 18:54:45,33.17,35.34
2017-04-08 19:24:52,32.51,34.74
2017-04-08 19:54:59,31.45,34.34
2017-04-08 20:25:07,31.28,33.88
2017-04-08 20:55:13,31.42,33.63
2017-04-08 21:25:22,31.17,33.49
2017-04-08 21:55:29,30.93,33.51
2017-04-08 22:25:36,30.71,33.33
2017-04-08 22:55:43,31.04,33.33
2017-04-08 23:25:50,30.91,33.42
2017-04-08 23:55:57,31.03,33.4
2017-04-09 00:26:04,30.8,33.32
2017-04-09 00:56:10,30.5,33.25
2017-04-09 01:26:17,30.39,33.12
2017-04-09 01:56:24,30.74,33.22
2017-04-09 02:26:32,30.84,33.33
2017-04-09 02:56:39,30.54,33.43
2017-04-09 03:26:46,30.59,33.35
2017-04-09 03:56:53,30.42,33.32
2017-04-09 04:27:00,29.98,33.23
2017-04-09 04:57:07,30.1,33.22
2017-04-09 05:27:14,29.7,33.32
2017-04-09 05:57:21,29.82,33.27
2017-04-09 06:27:28,29.61,33.32
2017-04-09 06:57:35,29.43,32.9
2017-04-09 07:27:43,29.44,32.5
2017-04-09 07:57:50,29.99,32.44
2017-04-09 08:27:57,32.54,32.59
2017-04-09 08:58:03,33.73,32.87
2017-04-09 09:28:10,36.18,33.39
2017-04-09 09:58:18,37.48,33.89
2017-04-09 10:28:25,39.12,34.7
2017-04-09 10:58:32,38.86,35.93
2017-04-09 11:28:39,42.59,36.93
2017-04-09 11:58:46,41.03,38.83
2017-04-09 12:28:54,40.73,38.8
2017-04-09 12:59:01,42.27,39.09
2017-04-09 13:29:08,42.37,39.66
2017-04-09 13:59:15,38.54,39.79
2017-04-09 14:29:22,40.46,37.83
2017-04-09 14:59:29,42.05,38.4
2017-04-09 15:29:36,44.94,40.02
2017-04-09 15:59:43,44.58,41.54
2017-04-09 16:29:50,39.92,40.25
2017-04-09 16:59:57,37.46,37.81
2017-04-09 17:30:04,37.22,36.74
2017-04-09 18:00:12,35.89,36.27
2017-04-09 18:30:19,34.55,35.57
2017-04-09 19:00:26,32.8,34.95
2017-04-09 19:30:33,32.37,34.18
2017-04-09 20:00:40,31.8,33.92
2017-04-09 20:30:47,31.65,33.82
2017-04-09 21:00:54,32.03,33.63
2017-04-09 21:31:01,32.03,33.62
2017-04-09 22:01:09,31.57,33.62
2017-04-09 22:31:16,32.21,33.79
2017-04-09 23:01:23,31.9,33.89
2017-04-09 23:31:30,31.8,33.98
2017-04-10 00:01:37,31.73,34.15
2017-04-10 00:31:44,31.6,34.22
2017-04-10 01:01:51,31.67,34.21
2017-04-10 01:31:58,31.92,34.13
2017-04-10 02:02:05,31.69,33.98
2017-04-10 02:32:12,31.33,33.98
2017-04-10 03:02:19,30.8,33.78
2017-04-10 03:32:26,30.49,33.63
2017-04-10 04:02:33,30.02,33.4
2017-04-10 04:32:40,29.82,33.23
2017-04-10 05:02:47,29.51,33.19
2017-04-10 05:32:54,29.56,33.16
2017-04-10 06:03:01,29.23,32.93
2017-04-10 06:33:08,29,32.9
2017-04-10 07:03:15,29.12,32.6
2017-04-10 07:33:22,29.6,32.42
2017-04-10 08:03:28,30.64,32.57
2017-04-10 08:33:35,32.43,32.8
2017-04-10 09:03:42,35.4,33.2
2017-04-10 09:33:49,36.32,33.71
2017-04-10 10:03:56,38.42,34.28
2017-04-10 10:34:03,38.23,34.9
2017-04-10 11:04:10,40.23,35.86
2017-04-10 11:34:18,42.27,36.75
2017-04-10 12:04:25,43.86,37.81
2017-04-10 12:34:33,43.77,38.6
2017-04-10 13:04:40,43.3,39.29
2017-04-10 13:34:47,44.42,38.43
2017-04-10 14:04:54,41.92,39.1
2017-04-10 14:35:01,44.46,39.03
2017-04-10 15:05:08,44.58,40.32
2017-04-10 15:35:16,46.16,40.81
2017-04-10 16:05:24,44.87,40.42
2017-04-10 16:35:31,42.81,40.25
2017-04-10 17:05:37,40.93,38.56
2017-04-10 17:35:45,38.24,37.72
2017-04-10 18:05:51,37.15,37.26
2017-04-10 18:35:58,34.53,36.69
2017-04-10 19:06:05,33.91,36.06
2017-04-10 19:36:12,33.56,35.54
2017-04-10 20:06:19,32.73,35.13
2017-04-10 20:36:26,32.33,34.78
2017-04-10 21:06:34,32.09,34.44
2017-04-10 21:36:41,31.86,34.26
2017-04-10 22:06:48,32.03,34.23
2017-04-10 22:36:55,32.01,34.23
2017-04-10 23:07:03,31.76,34.28
2017-04-10 23:37:10,31.63,34.38
2017-04-11 00:07:17,31.11,34.39
2017-04-11 00:37:24,30.9,34.36
2017-04-11 01:07:30,30.4,34.34
2017-04-11 01:37:37,30.57,34.22
2017-04-11 02:07:44,30.35,34.19
2017-04-11 02:37:51,29.64,33.95
2017-04-11 03:07:58,29.33,33.78
2017-04-11 03:38:05,29.21,33.68
2017-04-11 04:08:12,29.51,33.53
2017-04-11 04:38:19,29.67,33.43
2017-04-11 05:08:25,29.89,33.48
2017-04-11 05:38:32,29.7,33.36
2017-04-11 06:08:39,29.67,33.22
2017-04-11 06:38:46,29.74,33.19
2017-04-11 07:08:53,29.65,33.1
2017-04-11 07:39:00,31.63,33.02
2017-04-11 08:09:07,33.24,33.22
2017-04-11 08:39:14,35.06,33.62
2017-04-11 09:09:21,35.74,34.29
2017-04-11 09:39:28,36.56,34.74
2017-04-11 10:09:35,38.21,35.29
2017-04-11 10:39:42,37.38,35.73
2017-04-11 11:09:49,41.34,36.49
2017-04-11 11:39:56,42.2,37.24
2017-04-11 12:10:03,43.28,38.1
2017-04-11 12:40:10,45.11,38.21
2017-04-11 13:10:17,44.6,38.53
2017-04-11 13:40:24,44.75,38.2
2017-04-11 14:10:31,44.83,38.87
2017-04-11 14:40:39,44.02,38.92
2017-04-11 15:10:46,44.49,38.43
2017-04-11 15:40:53,39.16,38.99
2017-04-11 16:11:00,40.53,39.28
2017-04-11 16:41:07,37.49,38.7
2017-04-11 17:11:14,37.41,37.13
2017-04-11 17:41:21,36.54,36.51
2017-04-11 18:11:29,36.01,36.07
2017-04-11 18:41:36,35,35.44
2017-04-11 19:11:43,34.01,34.84
2017-04-11 19:41:49,33.54,34.61
2017-04-11 20:11:57,32.61,34.42
2017-04-11 20:42:04,32.53,34.21
2017-04-11 21:12:12,32.16,33.99
2017-04-11 21:42:19,31.79,34.05
2017-04-11 22:12:26,31.94,33.97
2017-04-11 22:42:33,32.13,33.97
2017-04-11 23:12:40,32.1,33.94
2017-04-11 23:42:47,32.11,33.98
2017-04-12 00:12:54,32.03,33.89
2017-04-12 00:43:01,31.89,33.86
2017-04-12 01:13:08,32.1,34.05
2017-04-12 01:43:15,32.51,34.16
2017-04-12 02:13:21,32.26,34.32
2017-04-12 02:43:28,31.66,34.29
2017-04-12 03:13:35,31.29,34.05
2017-04-12 03:43:42,31.15,33.94
2017-04-12 04:13:49,30.8,33.92
2017-04-12 04:43:56,30.7,33.79
2017-04-12 05:14:03,30.33,33.65
2017-04-12 05:44:10,30.1,33.46
2017-04-12 06:14:17,29.98,33.32
2017-04-12 06:44:24,29.95,33.29
2017-04-12 07:14:30,30.56,33.26
2017-04-12 07:44:37,32.3,33.29
2017-04-12 08:14:44,34.43,33.4
2017-04-12 08:44:52,36.47,33.45
2017-04-12 09:14:59,39.02,33.91
2017-04-12 09:45:06,39,34.65
2017-04-12 10:15:12,40.76,35.61
2017-04-12 10:45:19,40.69,36.1
2017-04-12 11:15:26,41.28,36.48
2017-04-12 11:45:34,42.62,37.34
2017-04-12 12:15:41,42.4,38.28
2017-04-12 12:45:48,42.88,38.7
2017-04-12 13:15:55,43.36,38.71
2017-04-12 13:46:02,43.49,38.93
2017-04-12 14:16:09,40.69,39.76
2017-04-12 14:46:18,38.72,40.45
2017-04-12 15:16:25,39.33,39.4
2017-04-12 15:46:32,41.85,39.17
2017-04-12 16:16:39,39.22,39.12
2017-04-12 16:46:46,36.92,38.01
2017-04-12 17:16:53,35.2,36.78
2017-04-12 17:47:00,35.47,36.38
2017-04-12 18:17:07,33.9,36.02
2017-04-12 18:47:14,34.05,35.39
2017-04-12 19:17:21,32.92,34.95
2017-04-12 19:47:28,32.41,34.55
2017-04-12 20:17:35,32.44,34.36
2017-04-12 20:47:43,31.69,34.15
2017-04-12 21:17:50,31.62,34.06
2017-04-12 21:47:57,31.66,34.01
2017-04-12 22:18:04,30.54,34.01
2017-04-12 22:48:11,31.38,33.82
2017-04-12 23:18:18,31.48,33.74
2017-04-12 23:48:24,31.26,33.69
2017-04-13 00:18:31,31.33,33.72
2017-04-13 00:48:38,31.15,33.84
2017-04-13 01:18:45,31.08,33.76
2017-04-13 01:48:52,31.1,33.74
2017-04-13 02:18:59,31.32,33.75
2017-04-13 02:49:06,31.23,33.86
2017-04-13 03:19:13,30.08,33.99
2017-04-13 03:49:20,29.71,34.02
2017-04-13 04:19:26,29.89,33.89
2017-04-13 04:49:33,30.29,33.81
2017-04-13 05:19:40,30.19,33.74
2017-04-13 05:49:47,29.71,33.68
2017-04-13 06:19:54,28.96,33.63
2017-04-13 06:50:01,29.29,33.59
2017-04-13 07:20:08,30.81,33.42
2017-04-13 07:50:15,32.36,33.32
2017-04-13 08:20:22,34.2,33.26
2017-04-13 08:50:29,36.32,33.51
2017-04-13 09:20:36,38.17,34.02
2017-04-13 09:50:43,39.89,34.77
2017-04-13 10:20:50,40.52,35.64
2017-04-13 10:50:57,40.69,36.29
2017-04-13 11:21:04,41.93,36.76
2017-04-13 11:51:11,43.12,37.78
2017-04-13 12:21:18,43.42,37.9
2017-04-13 12:51:25,43.06,37.83
2017-04-13 13:21:33,40.33,37.84
2017-04-13 13:51:40,42.81,36.95
2017-04-13 14:21:47,40.63,38.43
2017-04-13 14:51:56,41.19,38.32
2017-04-13 15:22:03,39.32,37.68
2017-04-13 15:52:10,36.57,37.49
2017-04-13 16:22:17,36.66,36.58
2017-04-13 16:52:24,36.01,36.16
2017-04-13 17:22:31,35.55,35.9
2017-04-13 17:52:38,34.57,35.47
2017-04-13 18:22:45,33.71,34.98
2017-04-13 18:52:52,32.69,34.72
2017-04-13 19:22:58,31.55,34.61
2017-04-13 19:53:06,31.96,34.38
2017-04-13 20:23:13,31.65,34.15
2017-04-13 20:53:20,30.87,33.99
2017-04-13 21:23:28,31.36,33.92
2017-04-13 21:53:35,31.69,33.89
2017-04-13 22:23:41,31.31,33.86
2017-04-13 22:53:48,30.91,33.76
2017-04-13 23:23:55,31.21,33.68
2017-04-13 23:54:02,31.57,33.75
2017-04-14 00:24:09,31.32,33.76
2017-04-14 00:54:16,31.59,33.78
2017-04-14 01:24:23,32.14,33.85
2017-04-14 01:54:30,32.38,34.09
2017-04-14 02:24:37,32.37,34.25
2017-04-14 02:54:44,32.04,34.35
2017-04-14 03:24:51,32.4,34.47
2017-04-14 03:54:58,32.1,34.41
2017-04-14 04:25:05,31.77,34.25
2017-04-14 04:55:12,31.42,34.19
2017-04-14 05:25:19,31.23,34.15
2017-04-14 05:55:26,31.43,33.97
2017-04-14 06:25:33,31.53,33.99
2017-04-14 06:55:40,31.59,33.89
2017-04-14 07:25:47,32.11,33.75
2017-04-14 07:55:54,32.68,33.78
2017-04-14 08:26:01,32.92,33.82
2017-04-14 08:56:08,34.43,34.01
2017-04-14 09:26:15,35.14,34.15
2017-04-14 09:56:24,36.76,34.41
2017-04-14 10:26:31,38.28,34.77
2017-04-14 10:56:38,39.79,35.36
2017-04-14 11:26:45,41.21,35.9
2017-04-14 11:56:52,41.03,36.53
2017-04-14 12:26:59,40.93,37.12
2017-04-14 12:57:06,43.72,37.34
2017-04-14 13:27:13,41.46,37.85
2017-04-14 13:57:20,40.77,37.11
2017-04-14 14:27:27,41.07,37.03
2017-04-14 14:57:34,40.8,37.06
2017-04-14 15:27:41,43.18,37.35
2017-04-14 15:57:48,40.76,39
2017-04-14 16:27:55,38.35,38.43
2017-04-14 16:58:02,38.02,36.93
2017-04-14 17:28:09,37.92,36.81
2017-04-14 17:58:17,35.32,36.35
2017-04-14 18:28:23,32.3,35.61
2017-04-14 18:58:30,31.4,34.97
2017-04-14 19:28:38,28.55,34.36
2017-04-14 19:58:44,29.56,33.88
2017-04-14 20:28:51,29.7,33.76
2017-04-14 20:58:58,30.87,33.86
2017-04-14 21:29:06,31.36,34.09
2017-04-14 21:59:13,31.26,34.12
2017-04-14 22:29:20,31.23,34.06
2017-04-14 22:59:27,31.32,34.13
2017-04-14 23:29:33,31.33,34.01
2017-04-14 23:59:40,31.17,33.97
